"","site.name","droad","dcabin","treeheight","dlogging","dstreammouth","dfreshwater","foragearea.buffer","dforagearea","site.location","latrine.present","disturbance.area","site.name.original","lat.pres"
"1","AB1",1325.6,86.83,3,1359.1,391.12,391.12,"N/A",NA,"Alexander Bay","Y","Y","SS1",1
"2","AB2",1228.4,141.61,4,1568.22,51.69,51.69,"N/A",NA,"Alexander Bay","Y","Y","SS2",1
"3","AB3",1635.3,151.61,5,1977.32,480.11,480.11,"N/A",NA,"Alexander Bay","Y","Y","SS3",1
"4","AB4",1850.74,490.93,5,2199.73,789.12,637.53,"N/A",NA,"Alexander Bay","Y","Y","SS4",1
"5","AB6",2370.1,829.81,4,2691.79,1145.27,797.43,"N/A",NA,"Alexander Bay","Y","Y","SS6",1
"6","AB7",2832.48,307.11,4,3140.24,745.71,658.83,"N/A",NA,"Alexander Bay","Y","Y","SS7",1
"7","AB8",3290.13,294.23,4,3569.75,371.68,371.68,"N/A",NA,"Alexander Bay","Y","Y","SS8",1
"8","AB9",3304.25,440.3,3,3577.24,297.32,297.32,"N/A",NA,"Alexander Bay","Y","Y","SS9",1
"9","AB10",3073.85,583.59,3,3329.38,166.15,166.15,"N/A",NA,"Alexander Bay","Y","Y","SS10",1
"10","AB11",2657.06,950.69,4,2884.51,592.41,468.16,"N/A",NA,"Alexander Bay","Y","Y","SS11",1
"11","AB12",2052.9,538.89,4,2262.68,1127.56,652.98,"N/A",NA,"Alexander Bay","Y","Y","SS12",1
"12","AB13",1574.13,127.2,3,1687.86,1926.06,586.13,"N/A",NA,"Alexander Bay","Y","Y","SS13",1
"13","AB14",1678.5,529.27,4,1782.83,1788.28,600.71,"N/A",NA,"Alexander Bay","Y","Y","SS14",1
"14","AB15",1850.23,297.3,4,2030.7,1431.14,737.18,"N/A",NA,"Alexander Bay","Y","Y","SS15",1
"15","AB16",1625.54,226.23,2,1687.91,2139.67,772.16,"N/A",NA,"Alexander Bay","Y","Y","SS16",1
"16","AB17",1328.02,633.12,3,1169.19,2084.97,938.8,"N/A",NA,"Alexander Bay","Y","Y","SS17",1
"17","AB18",1336.57,247.3,2,1380.7,1862.78,613.37,"N/A",NA,"Alexander Bay","Y","Y","SS18",1
"18","AB19",800.34,774.83,4,815.67,1610.89,530.59,"N/A",NA,"Alexander Bay","Y","Y","SS19",1
"19","AB20",620.25,1692.57,5,195.09,2216.43,410.59,"N/A",NA,"Alexander Bay","Y","Y","SS20",1
"20","AB21",706.36,1760.81,5,314.33,2383.81,504.54,"N/A",NA,"Alexander Bay","Y","Y","SS21",1
"21","AB22",431.89,2162.81,4,109.15,2716.83,722.11,"N/A",NA,"Alexander Bay","Y","Y","SS22",1
"22","AB23",905.65,1716.12,4,643.87,2887.72,711.26,"N/A",NA,"Alexander Bay","Y","Y","SS23",1
"23","AB24",1086.94,1507.8,4,615.43,2887.72,804.18,"N/A",NA,"Alexander Bay","Y","Y","SS24",1
"24","AB25",1294.85,1110.92,4,574.84,2938.35,929.24,"N/A",NA,"Alexander Bay","Y","Y","SS25",1
"25","AB26",1423.39,499.63,4,721.7,1951.23,1396.2,"N/A",NA,"Alexander Bay","Y","Y","SS26",1
"26","AB27",1329.41,127.91,4,835.04,1568,1486.14,"N/A",NA,"Alexander Bay","Y","Y","SS27",1
"27","AB28",1577.38,177.92,2,1119.04,1266.47,1776.09,"N/A",NA,"Alexander Bay","Y","Y","SS28",1
"28","AB29",1227.31,324.93,4,850.82,1506.54,1491.14,"N/A",NA,"Alexander Bay","Y","Y","SS29",1
"29","AB30",497.36,484.09,4,175.34,2316.64,732.78,"N/A",NA,"Alexander Bay","Y","Y","SS30",1
"30","AB31",309.16,183.49,4,117.89,2255.73,850.01,"N/A",NA,"Alexander Bay","Y","Y","SS31",1
"31","AB32",614.92,263.76,4,218.78,2320.88,1357.87,"N/A",NA,"Alexander Bay","Y","Y","SS32",1
"32","AB33",632.38,528.16,1,213.62,2660.93,1428.26,"N/A",NA,"Alexander Bay","Y","Y","SS33",1
"33","AB34",588.19,597.64,4,258.9,2814.56,1380.23,"N/A",NA,"Alexander Bay","Y","Y","SS34",1
"34","AB35",468.72,294.29,4,381.19,2669.14,869.32,"N/A",NA,"Alexander Bay","Y","Y","SS35",1
"35","AB36",542.82,231.1,4,373.6,2451.71,673.38,"N/A",NA,"Alexander Bay","Y","Y","SS36",1
"36","AB37",437.74,277.88,4,240.57,3448.09,497.22,"N/A",NA,"Alexander Bay","Y","Y","SS37",1
"37","AB38",740.24,585.39,1,253.66,2404.06,993.47,"N/A",NA,"Alexander Bay","Y","Y","SS38",1
"38","AB39",486.12,749.43,5,90.68,2075.42,1026.32,"N/A",NA,"Alexander Bay","Y","Y","SS39",1
"39","AB40",611.53,830.01,5,253.14,1608.77,1240.4,"N/A",NA,"Alexander Bay","Y","Y","SS40",1
"40","AB41",828.93,730.32,4,225.1,959.64,959.64,"N/A",NA,"Alexander Bay","Y","Y","SS41",1
"41","AB42",795.78,396.55,1,182.95,297.94,297.94,"N/A",NA,"Alexander Bay","Y","Y","SS42",1
"42","AB43",819.41,162.41,4,500.1,238.47,238.47,"N/A",NA,"Alexander Bay","Y","Y","SS43",1
"43","AB44",980.96,480.84,2,625.05,597.47,430.81,"N/A",NA,"Alexander Bay","Y","Y","SS44",1
"44","AB45",917.79,665.55,4,559.85,808.04,394.53,"N/A",NA,"Alexander Bay","Y","Y","SS45",1
"45","AB46",612.54,433.5,4,732.84,1275.49,509.81,"N/A",NA,"Alexander Bay","Y","Y","SS46",1
"46","AB47",722.74,353.84,3,1078.39,1628.66,869.53,"N/A",NA,"Alexander Bay","Y","Y","SS47",1
"47","AB48",933.6,329.88,4,1277.42,1775.12,1059.66,"N/A",NA,"Alexander Bay","Y","Y","SS48",1
"48","AB49",927.95,198.75,4,1353.89,1903.33,1155.66,"N/A",NA,"Alexander Bay","Y","Y","SS49",1
"49","AB50",308.41,136.21,4,652.65,1891.46,779.84,"N/A",NA,"Alexander Bay","Y","Y","SS50",1
"50","AB51",794.86,670.99,4,1277.75,2530.94,1133.16,"N/A",NA,"Alexander Bay","Y","Y","SS51",1
"51","AB52",608,1030,4,1582.77,3023.42,814.57,"N/A",NA,"Alexander Bay","Y","Y","SS52",1
"52","AB53",543.4,796.31,4,1780.48,3006.75,663.38,"N/A",NA,"Alexander Bay","Y","Y","SS53",1
"53","AB54",490.67,527.17,4,2002.97,2774.19,617.92,"N/A",NA,"Alexander Bay","Y","Y","SS54",1
"54","AB55",528.13,102.92,1,2480.76,2370.77,699.69,"N/A",NA,"Alexander Bay","Y","Y","SS55",1
"55","AB56",1046.02,541.08,3,2682.37,1979.99,754.22,"N/A",NA,"Alexander Bay","Y","Y","SS56",1
"56","AB57",1220.47,301.21,3,2628.35,1790.49,743.06,"N/A",NA,"Alexander Bay","Y","Y","SS57",1
"57","AB58",1392.25,502.02,4,2958.08,2068.54,1066.39,"N/A",NA,"Alexander Bay","Y","Y","SS58",1
"58","AB59",1643.85,621.95,4,3170.66,2172.56,1297.99,"N/A",NA,"Alexander Bay","Y","Y","SS59",1
"59","AB60",2182.72,960.9,4,3538.24,2309.1,1759.74,"N/A",NA,"Alexander Bay","Y","Y","SS60",1
"60","AB61",2865.94,1356.61,4,3778.74,2283.53,2068.6,"N/A",NA,"Alexander Bay","Y","Y","SS61",1
"61","AB62",3019.95,1313.62,4,3754.47,2191.61,2083.1,"N/A",NA,"Alexander Bay","Y","Y","SS62",1
"62","AB63",2460.82,698.89,4,3131.6,1630.46,1443.62,"N/A",NA,"Alexander Bay","Y","Y","SS63",1
"63","AB64",1772.11,333.88,4,2706.19,1481.54,891.21,"N/A",NA,"Alexander Bay","Y","Y","SS64",1
"64","AB65",1791.75,332.14,4,2624.34,1398.59,964.24,"N/A",NA,"Alexander Bay","Y","Y","SS65",1
"65","AB66",1892.19,222.2,4,2484.48,1159.15,775.11,"N/A",NA,"Alexander Bay","Y","Y","SS66",1
"66","AB67",2442.4,485.33,3,2801.63,1172.44,1243.51,"N/A",NA,"Alexander Bay","Y","Y","SS67",1
"67","AB68",2428.01,513.81,3,2750.58,1101.85,1101.85,"N/A",NA,"Alexander Bay","Y","Y","SS68",1
"68","AB69",1980.1,811.65,4,2079.17,398.84,398.84,"N/A",NA,"Alexander Bay","Y","Y","SS69",1
"69","AB70",1740.56,1035.81,4,1752.07,163.33,163.33,"N/A",NA,"Alexander Bay","Y","Y","SS70",1
"70","AB71",1892.1,1224.17,4,1802.5,389.89,389.89,"N/A",NA,"Alexander Bay","Y","Y","SS71",1
"71","AB72",1355.97,1554.33,4,1199.04,613.93,613.93,"N/A",NA,"Alexander Bay","Y","Y","SS72",1
"72","AB73",1044.63,1413.1,1,879.11,503.87,503.87,"N/A",NA,"Alexander Bay","Y","Y","SS73",1
"73","AB74",837.53,1173.33,3,643.25,410.02,410.02,"N/A",NA,"Alexander Bay","Y","Y","SS74",1
"74","AB75",718.75,1003.07,4,466.04,84.64,84.64,"N/A",NA,"Alexander Bay","Y","Y","SS75",1
"75","AB76",713.66,964.51,4,411.67,82.17,82.17,"N/A",NA,"Alexander Bay","Y","Y","SS76",1
"76","AB77",1106.41,1215.64,4,584.88,502.21,502.21,"N/A",NA,"Alexander Bay","Y","Y","SS77",1
"77","AB78",1345.97,1462.55,4,435.16,674.5,674.5,"N/A",NA,"Alexander Bay","Y","Y","SS78",1
"78","AB79",1432.1,1535.64,4,831.77,708.87,708.87,"N/A",NA,"Alexander Bay","Y","Y","SS79",1
"79","AB80",1416.1,1751.16,4,905.9,796.31,796.31,"N/A",NA,"Alexander Bay","Y","Y","SS80",1
"80","AB81",1514.94,1594.7,4,968.5,884.21,884.21,"N/A",NA,"Alexander Bay","Y","Y","SS81",1
"81","AB82",1417.36,1396.15,4,798.94,844.09,844.09,"N/A",NA,"Alexander Bay","Y","Y","SS82",1
"82","AB83",801.79,270.02,4,251.33,528.96,528.96,"N/A",NA,"Alexander Bay","Y","Y","SS83",1
"83","AB84",1457.14,176.55,1,1021.75,223.72,223.72,"N/A",NA,"Alexander Bay","Y","Y","SS84",1
"84","AB85",1252.34,269.17,4,953.43,230.87,230.87,"N/A",NA,"Alexander Bay","Y","Y","SS85",1
"85","AB86",1065.09,160.54,4,708.75,180.1,180.1,"N/A",NA,"Alexander Bay","Y","Y","SS86",1
"86","AB87",1029.11,166.75,4,709.32,161.71,161.71,"N/A",NA,"Alexander Bay","Y","Y","SS87",1
"87","AB88",1159.78,86.17,4,905.97,392.65,392.65,"N/A",NA,"Alexander Bay","Y","Y","SS88",1
"88","AB89",1111.99,478.43,3,1102.17,231.79,231.79,"N/A",NA,"Alexander Bay","Y","Y","SS89",1
"89","AB90",1250.31,717.21,4,812.12,267.18,267.18,"N/A",NA,"Alexander Bay","Y","Y","SS90",1
"90","AB91",1368.44,596.1,3,716.04,381.22,381.22,"N/A",NA,"Alexander Bay","Y","Y","SS91",1
"91","AB92",1733.85,388.71,2,646.92,754.22,613.65,"N/A",NA,"Alexander Bay","Y","Y","SS92",1
"92","AB93",2152.21,431.53,3,684.39,1193.59,966.75,"N/A",NA,"Alexander Bay","Y","Y","SS93",1
"93","AB94",2649.83,1015.51,1,1375.12,1822.35,1665.24,"N/A",NA,"Alexander Bay","Y","Y","SS94",1
"94","AB95",2714.41,933.73,4,1312.04,1849.37,1651.9,"N/A",NA,"Alexander Bay","Y","Y","SS95",1
"95","AB96",2132.49,371.94,4,215.33,1252.36,275.32,"N/A",NA,"Alexander Bay","Y","Y","SS96",1
"96","AB97",2441.93,288.83,1,271.79,1345.67,243.85,"N/A",NA,"Alexander Bay","Y","Y","SS97",1
"97","AB98",2763.52,55.48,3,758.6,1725.68,535.55,"N/A",NA,"Alexander Bay","Y","Y","SS98",1
"98","AB99",2953.1,270.52,4,977.88,1557.31,624.96,"N/A",NA,"Alexander Bay","Y","Y","SS99",1
"99","AB100",1903.45,522.58,1,1160.08,118.52,118.52,"N/A",NA,"Alexander Bay","Y","Y","SS100",1
"100","AB101",1266,137.92,4,829.95,1329.99,1294.52,"N/A",NA,"Alexander Bay","Y","Y","SS101",1
"101","AB102",987.68,740.31,3,526.68,2264.12,2086.62,"N/A",NA,"Alexander Bay","Y","Y","SS102",1
"102","AB103",942.23,878.92,3,455.9,2406.71,2154.77,"N/A",NA,"Alexander Bay","Y","Y","SS103",1
"103","AB104",638.01,88.98,1,145.55,3401.39,1872.01,"N/A",NA,"Alexander Bay","Y","Y","SS104",1
"104","AB105",608.92,58.46,4,205.83,3587.3,1699.31,"N/A",NA,"Alexander Bay","Y","Y","SS105",1
"105","AB106",626.82,163.39,4,302.36,3728.99,1404.85,"N/A",NA,"Alexander Bay","Y","Y","SS106",1
"106","AB107",628.1,345,4,282.9,3921.68,1388.25,"N/A",NA,"Alexander Bay","Y","Y","SS107",1
"107","AB108",664.5,1013.9,3,249.78,4557.53,740.49,"N/A",NA,"Alexander Bay","Y","Y","SS108",1
"108","AB109",658.15,1334.08,4,318.72,4090.49,361.46,"N/A",NA,"Alexander Bay","Y","Y","SS109",1
"109","AB110",673.69,1030.92,4,265.43,3794.9,383.53,"N/A",NA,"Alexander Bay","Y","Y","SS110",1
"110","AB111",662.04,957.04,4,251.73,3756.48,449.6,"N/A",NA,"Alexander Bay","Y","Y","SS111",1
"111","AB112",618.86,570.29,4,143.73,3553.64,860.58,"N/A",NA,"Alexander Bay","Y","Y","SS112",1
"112","AB113",647.58,488.71,4,167.71,3525.52,959.34,"N/A",NA,"Alexander Bay","Y","Y","SS113",1
"113","AB114",602.27,464.36,4,201.68,3431.67,1068.33,"N/A",NA,"Alexander Bay","Y","Y","SS114",1
"114","AB115",576.88,464.36,4,209.47,3391.45,1097.78,"N/A",NA,"Alexander Bay","Y","Y","SS115",1
"115","AB116",483.8,658.74,1,132.89,3075.03,743.44,"N/A",NA,"Alexander Bay","Y","Y","SS116",1
"116","AB117",596.58,465.86,1,110.28,2972.33,631.6,"N/A",NA,"Alexander Bay","Y","Y","SS117",1
"117","AB118",667.12,61.4,4,193.83,2870.76,591.26,"N/A",NA,"Alexander Bay","Y","Y","SS118",1
"118","AB119",664.85,143.36,4,288.3,2790.8,623.71,"N/A",NA,"Alexander Bay","Y","Y","SS119",1
"119","AB120",676.88,362.52,3,134.68,2417.82,672.63,"N/A",NA,"Alexander Bay","Y","Y","SS120",1
"120","AB121",622.55,489.42,3,172.72,2128.43,670.13,"N/A",NA,"Alexander Bay","Y","Y","SS121",1
"121","AB122",604.4,530.63,3,140.62,2093.95,703.03,"N/A",NA,"Alexander Bay","Y","Y","SS122",1
"122","AB123",1648.09,334.93,2,1108.36,888.63,532.26,"N/A",NA,"Alexander Bay","Y","Y","SS123",1
"123","AB124",1681.08,455.46,2,1146.11,924.93,650.11,"N/A",NA,"Alexander Bay","Y","Y","SS124",1
"124","AB125",1585.58,520.12,3,1054.6,1035.16,718.1,"N/A",NA,"Alexander Bay","Y","Y","SS125",1
"125","AB126",1097.94,1058.32,3,667.54,1673.39,676.33,"N/A",NA,"Alexander Bay","Y","Y","SS126",1
"126","AB127",679.94,2029.43,4,249.73,1068.25,626.04,"N/A",NA,"Alexander Bay","Y","Y","SS127",1
"127","AB128",579.06,1850.26,4,191.44,1112.65,735.65,"N/A",NA,"Alexander Bay","Y","Y","SS128",1
"128","AB129",270.8,995.19,4,118.39,1561.25,960.42,"N/A",NA,"Alexander Bay","Y","Y","SS129",1
"129","AB130",242.45,898.71,4,162.28,1614.8,864,"N/A",NA,"Alexander Bay","Y","Y","SS130",1
"130","AB131",237.05,690.75,3,151.98,1758.44,653.7,"N/A",NA,"Alexander Bay","Y","Y","SS131",1
"131","AB132",321.19,484.83,3,236.83,1831.78,465.19,"N/A",NA,"Alexander Bay","Y","Y","SS132",1
"132","AB133",211.41,160.86,4,101.22,1973.72,221.2,"N/A",NA,"Alexander Bay","Y","Y","SS133",1
"133","AB134",223.17,335.55,4,246.8,2235.68,351.75,"N/A",NA,"Alexander Bay","Y","Y","SS134",1
"134","AB135",228.77,357.49,3,234.68,2343.81,331.62,"N/A",NA,"Alexander Bay","Y","Y","SS135",1
"135","AB136",276.98,321.87,4,229.61,2129.11,516.94,"N/A",NA,"Alexander Bay","Y","Y","SS136",1
"136","AB137",542.92,842.64,4,497.74,1389.59,1024.13,"N/A",NA,"Alexander Bay","Y","Y","SS137",1
"137","AB138",1283.65,1622.22,1,1114.05,693.87,663.41,"N/A",NA,"Alexander Bay","Y","Y","SS138",1
"138","AB139",2006.62,2065.96,1,1129.38,412.22,412.22,"N/A",NA,"Alexander Bay","Y","Y","SS139",1
"139","AB140",1944.85,2035.33,4,1131.48,425.42,425.42,"N/A",NA,"Alexander Bay","Y","Y","SS140",1
"140","AB141",1827.67,1976.15,4,1218.65,534.27,534.27,"N/A",NA,"Alexander Bay","Y","Y","SS141",1
"141","AB142",1802.36,1907.78,3,1275.5,577.64,577.64,"N/A",NA,"Alexander Bay","Y","Y","SS142",1
"142","AB143",1700.9,1525.07,4,2303.06,891.83,891.83,"N/A",NA,"Alexander Bay","Y","Y","SS143",1
"143","AB144",1603.41,1336.11,4,2144.93,1082.75,1082.75,"N/A",NA,"Alexander Bay","Y","Y","SS144",1
"144","AB145",1374.15,920.73,4,1719.19,1534.34,1153.31,"N/A",NA,"Alexander Bay","Y","Y","SS145",1
"145","AB146",1577.48,655.62,4,1683.03,1748.91,1161.91,"N/A",NA,"Alexander Bay","Y","Y","SS146",1
"146","AB147",1805.06,365.55,1,1658.11,1439.46,1221.11,"N/A",NA,"Alexander Bay","Y","Y","SS147",1
"147","AB148",1719.58,238.64,1,1577.11,1269.5,1173.26,"N/A",NA,"Alexander Bay","Y","Y","SS148",1
"148","AB149",1637.51,51.83,4,1484.05,978.59,978.59,"N/A",NA,"Alexander Bay","Y","Y","SS149",1
"149","AB150",2215.79,399.93,3,2096.49,399.64,399.64,"N/A",NA,"Alexander Bay","Y","Y","SS150",1
"150","AB151",2951.8,176.08,3,1128.43,854.28,372.81,"N/A",NA,"Alexander Bay","Y","Y","SS151",1
"151","AB152",3052.57,428.97,3,812.35,1164.85,452.92,"N/A",NA,"Alexander Bay","Y","Y","SS152",1
"152","AB153",4548.22,358.04,3,564.96,2619.14,700.36,"N/A",NA,"Alexander Bay","Y","Y","SS153",1
"153","AB154",900.45,275.74,4,323.4,2619.14,799.79,"N/A",NA,"Alexander Bay","Y","Y","SS154",1
"154","TN1",199.14,1238.01,5,0,585.77,585.77,"996.6",0,"Terra Nova","Y","N","NWR1",1
"155","TN2",323.5,810.6,3,0,185.1,154.22,"2503.1",0,"Terra Nova","Y","N","NWR2",1
"156","TN3",392.56,931.08,3,0,285.13,285.13,"1844.2",0,"Terra Nova","Y","N","NWR3",1
"157","TN4",268.68,855.5,5,0,224.65,198.85,"554.9",0,"Terra Nova","Y","N","NWR4",1
"158","TN5",294.64,810.6,5,0,185.1,154.22,"939.7",0,"Terra Nova","Y","N","NWR4b",1
"159","TN6",300.35,742.95,5,0,149.44,89.9,"723",0,"Terra Nova","Y","N","NWR5",1
"160","TN7",228.83,2005.73,5,0,1357.5,1357.5,"1103.2",0,"Terra Nova","Y","N","NWR6",1
"161","TN8",182.71,1863.4,4,0,1881.18,1881.18,"1961.2",0,"Terra Nova","Y","N","CS14",1
"162","TN9",142.2,1527.8,5,0,325.81,325.81,"2275.1",0,"Terra Nova","Y","N","CS15",1
"163","TN10",174.64,1624.39,5,0,223.24,223.24,"2410.3000000000002",0,"Terra Nova","Y","N","CS16",1
"164","TN11",753.41,2142.64,4,0,560.3,560.3,"509.3",35.16,"Terra Nova","Y","N","CS17",1
"165","TN12",943.27,1090.46,5,0,1070.27,1070.27,"1261.0999999999999",0,"Terra Nova","Y","N","CS18",1
"166","TN13",877.02,827.99,5,0,392.74,392.74,"1204.7",11.06,"Terra Nova","Y","N","CS19",1
"167","TN14",1029.59,2085.37,3,0,1554.35,1239.48,"1463.6",0,"Terra Nova","Y","N","CS20",1
"168","TN15",921.6,2156.56,3,0,1706.18,968.97,"1352.4",0,"Terra Nova","Y","N","CS21",1
"169","TN16",1433.39,3163.38,4,0,2286.47,1170.8,"842.2",0,"Terra Nova","Y","N","CS22",1
"170","TN17",1231.6,3023.42,3,0,2586.27,1140.47,"1775.7",0,"Terra Nova","Y","N","CS23",1
"171","TN18",3634.1,926.92,5,0,2294.47,2146.59,"1376.7",0,"Terra Nova","Y","N","21",1
"172","TN19",4382.67,396.85,3,0,1613.32,1613.32,"599.4",49.71,"Terra Nova","Y","N","22",1
"173","TN20",4395.19,372.95,4,0,1110.28,1110.28,"286.5",12.77,"Terra Nova","Y","N","23",1
"174","TN21",4382.67,1503.75,3,0,180.53,180.53,"1538.1",0,"Terra Nova","Y","N","24",1
"175","TN22",4484.31,2505.86,3,0,978.41,978.41,"1770.3",0,"Terra Nova","Y","N","84",1
"176","TN23",4377.64,2764.9,4,0,772.64,772.64,"2509.5",0,"Terra Nova","Y","N","CHU1",1
"177","TN24",4010.78,3296.34,4,0,334.35,334.35,"2018.9",0,"Terra Nova","Y","N","CHU2",1
"178","TN25",4165.45,3465.34,4,0,696.97,696.97,"1898.1",0,"Terra Nova","Y","N","CS30",1
"179","TN26",4444.67,3921.76,5,0,1057.27,1057.27,"2095.8000000000002",0,"Terra Nova","Y","N","CHU4",1
"180","TN27",4653.24,4258.34,2,0,724.45,724.45,"2320.8000000000002",0,"Terra Nova","Y","N","CS31",1
"181","TN28",4738.36,4602.24,2,0,406.99,406.99,"2182.9",0,"Terra Nova","Y","N","CHU5",1
"182","TN29",4982.65,4845.29,5,0,363.77,363.77,"2280.9",0,"Terra Nova","Y","N","CHU6",1
"183","TN30",5844.14,5744.03,3,0,926.28,440.32,"237.1",50.98,"Terra Nova","Y","N","CHU7",1
"184","TN31",6325.85,6125.46,3,0,732.55,533.24,"266",35.21,"Terra Nova","Y","N","CS35",1
"185","TN32",6752.96,6745.38,3,0,180.77,180.77,"1078.5",0,"Terra Nova","Y","N","CHU8",1
"186","TN33",7048.38,6597.16,3,0,490.8,490.8,"883.9",0,"Terra Nova","Y","N","CHU9",1
"187","TN34",9169.59,4067.06,3,0,370.12,370.12,"2247.4",0,"Terra Nova","Y","N","CHU10",1
"188","TN35",9441.01,4065.9,3,0,289.64,289.64,"636.20000000000005",47.95,"Terra Nova","Y","N","CHU11",1
"189","TN36",11120.34,3526.45,4,0,972.81,972.81,"0",168.56,"Terra Nova","Y","N","CS39",1
"190","TN37",10778.33,3060.94,4,0,207.17,207.17,"2835.1",0,"Terra Nova","Y","N","Ps1",1
"191","TN38",10916.76,2928.5,4,0,371.43,371.43,"2951.9",NA,"Terra Nova","Y","N","Ps2",1
"192","TN39",11561.52,2649.41,4,0,373.09,359.14,"2586.5",0,"Terra Nova","Y","N","88",1
"193","TN40",11638.97,2612.13,4,0,290.94,290.94,"2909.9",0,"Terra Nova","Y","N","89",1
"194","TN41",11901.77,2488.32,2,0,216.59,216.59,"2428.9",0,"Terra Nova","Y","N","90",1
"195","TN42",11932.53,2465.49,2,0,238.22,238.22,"2417.3000000000002",0,"Terra Nova","Y","N","91",1
"196","TN43",11999.54,2661.43,4,0,320.44,320.44,"2605.3000000000002",0,"Terra Nova","Y","N","92",1
"197","TN44",11769.24,2760.87,4,0,335.32,335.32,"2765.5",0,"Terra Nova","Y","N","93",1
"198","TN45",11974.74,2909.61,4,0,614.9,614.9,"216.7",71.45,"Terra Nova","Y","N","94",1
"199","TN46",12029.13,2885.74,4,0,614.37,614.37,"424.6",54.99,"Terra Nova","Y","N","95",1
"200","TN47",12732.4,3021.18,4,0,821.58,821.58,"350",31.79,"Terra Nova","Y","N","96",1
"201","TN48",12769.66,3045.79,2,0,1015.41,1015.41,"153",57.63,"Terra Nova","Y","N","97",1
"202","TN49",12804.33,3035.18,2,0,806.7,625.7,"131.9",77.68,"Terra Nova","Y","N","98",1
"203","TN50",12976.36,3029.77,4,0,696.27,626.31,"250.8",67.02,"Terra Nova","Y","N","99",1
"204","TN51",13369.59,3006.04,2,0,398.18,398.18,"2133.6999999999998",0,"Terra Nova","Y","N","100",1
"205","TN52",12443.89,2962.93,3,0,457.89,457.89,"1793.8",0,"Terra Nova","Y","N","101",1
"206","TN53",13696.13,3135.89,3,0,610.8,610.8,"2576.5",0,"Terra Nova","Y","N","102",1
"207","TN54",13737.14,3178.91,3,0,759.78,759.78,"1448.8",0,"Terra Nova","Y","N","103",1
"208","TN55",13801.01,3226.95,3,0,882.5,882.5,"16.100000000000001",118.57,"Terra Nova","Y","N","104",1
"209","TN56",13589.92,3149.55,3,0,715.57,715.57,"25.6",0,"Terra Nova","Y","N","105",1
"210","TN57",13582.23,3017.09,3,0,663.49,663.49,"279.89999999999998",58.03,"Terra Nova","Y","N","106",1
"211","TN58",13514.68,2936.06,3,0,576.3,576.3,"563.6",0,"Terra Nova","Y","N","107",1
"212","TN59",13210.69,2802.92,3,0,217.53,217.53,"2485.3000000000002",0,"Terra Nova","Y","N","108",1
"213","TN60",13053.34,2612.72,4,0,28.67,28.67,"2422.1999999999998",0,"Terra Nova","Y","N","109",1
"214","TN61",13127.59,2634.85,1,0,220.09,220.09,"2151.1",0,"Terra Nova","Y","N","110",1
"215","TN62",13202.37,2674.77,1,0,258.93,258.93,"2101.1",0,"Terra Nova","Y","N","111",1
"216","TN63",13265.97,2700.43,1,0,339.13,339.13,"1814.3",0,"Terra Nova","Y","N","112",1
"217","TN64",13261.3,2598.41,4,0,470.54,470.54,"1683.8",0,"Terra Nova","Y","N","113",1
"218","TN65",13344.71,2605.83,4,0,642.24,642.24,"1912.2",0,"Terra Nova","Y","N","114",1
"219","TN66",13424.52,2656.33,3,0,691.33,691.33,"1936.6",0,"Terra Nova","Y","N","115",1
"220","TN67",13493.25,2737.21,3,0,791.74,791.74,"1858.8",0,"Terra Nova","Y","N","116",1
"221","TN68",13656.89,2868.77,1,0,862.05,862.05,"277.2",0,"Terra Nova","Y","N","117",1
"222","TN69",13741.93,2925.69,1,0,959.09,959.09,"316.8",0,"Terra Nova","Y","N","118",1
"223","TN70",13875.16,3001.58,1,0,1111.92,1111.92,"186.9",69.54,"Terra Nova","Y","N","119",1
"224","TN71",14025.2,3085.62,4,0,1299.51,1299.51,"94.6",0,"Terra Nova","Y","N","120",1
"225","TN72",13975.56,3050.04,4,0,1146.72,1146.72,"1428.3",0,"Terra Nova","Y","N","121",1
"226","TN73",13878.71,3019.25,4,0,1155.09,1155.09,"2817.1",0,"Terra Nova","Y","N","122",1
"227","TN74",13643.26,2876.22,1,0,1092.01,1092.01,"2255.1999999999998",0,"Terra Nova","Y","N","123",1
"228","TN75",13657.02,2748.02,3,0,992.2,992.2,"2861",0,"Terra Nova","Y","N","124",1
"229","TN76",13628.21,2727.58,3,0,963.54,963.54,"2240.9",0,"Terra Nova","Y","N","125",1
"230","TN77",13458.03,2526.55,4,0,806.96,806.96,"2944.6",0,"Terra Nova","Y","N","126",1
"231","TN78",13646.69,2609.3,3,0,663.9,663.9,"1280",0,"Terra Nova","Y","N","127",1
"232","TN79",13929.18,2838.24,4,0,578.33,578.33,"1251",0,"Terra Nova","Y","N","128",1
"233","TN80",13798.76,2701.14,4,0,499.1,499.1,"3124.4",0,"Terra Nova","Y","N","129",1
"234","TN81",13756.12,2656.67,4,0,478.37,478.37,"2721.7",0,"Terra Nova","Y","N","130",1
"235","TN82",13646.44,2612.71,4,0,456.05,456.05,"1966.1",0,"Terra Nova","Y","N","131",1
"236","TN83",13489.45,2410.37,4,0,333.04,333.04,"2326.5",0,"Terra Nova","Y","N","132",1
"237","TN84",13464.71,2324.11,2,0,181.81,181.81,"3114.8",0,"Terra Nova","Y","N","133",1
"238","TN85",13806.85,2677.68,3,0,486.47,486.47,"3033.1",0,"Terra Nova","Y","N","134",1
"239","TN86",13766.5,2614.27,3,0,477.39,477.39,"2845.3",0,"Terra Nova","Y","N","135",1
"240","TN87",13556.8,2428.01,3,0,257.84,257.84,"2844.1",0,"Terra Nova","Y","N","136",1
"241","TN88",13519.91,2293.75,2,0,219.91,219.91,"2708.9",0,"Terra Nova","Y","N","137",1
"242","TN89",13664.77,2509.63,3,0,461.85,461.85,"2452.1999999999998",0,"Terra Nova","Y","N","138",1
"243","TN90",13747.26,2595.21,3,0,533.94,533.94,"2628.9",0,"Terra Nova","Y","N","139",1
"244","TN91",13994.51,2884.31,4,0,892.28,892.28,"1136.5",23,"Terra Nova","Y","N","140",1
"245","TN92",14137.44,3026.2,4,0,1021.41,1021.41,"296.3",109.78,"Terra Nova","Y","N","141",1
"246","TN93",14085.1,2982.86,4,0,1008.09,1008.09,"72.3",57.9,"Terra Nova","Y","N","142",1
"247","TN94",13731.51,2724.51,3,0,1078.91,1078.91,"2001.8",0,"Terra Nova","Y","N","143",1
"248","TN95",13838.49,2856.15,3,0,1104.43,1104.43,"1699.7",0,"Terra Nova","Y","N","144",1
"249","TN96",14030.24,2970.49,3,0,1166.22,1166.22,"15.8",86.28,"Terra Nova","Y","N","145",1
"250","TN97",14069.96,3020.04,3,0,1232.93,1232.93,"47.3",89.86,"Terra Nova","Y","N","146",1
"251","TN98",14008.66,2974.81,3,0,1252.39,1252.39,"1028",0,"Terra Nova","Y","N","147",1
"252","TN99",14425.59,3506.1,3,0,1859.5,1859.5,"0",355.29,"Terra Nova","Y","N","148",1
"253","TN100",14104.18,3180.8,3,0,1695.81,1695.81,"0",186.61,"Terra Nova","Y","N","149",1
"254","TN101",13846.84,2934.5,3,0,1529.07,1529.07,"205.4",0,"Terra Nova","Y","N","150",1
"255","TN102",13661.33,2718.14,3,0,1395.34,1395.34,"171.1",0,"Terra Nova","Y","N","151",1
"256","TN103",13209.19,2274.59,3,0,1253.67,985.45,"860.2",0,"Terra Nova","Y","N","152",1
"257","TN104",13042.66,2057.77,3,0,1245.5,1005.44,"1847.4",0,"Terra Nova","Y","N","153",1
"258","TN105",12909.22,2089.72,3,0,1467.13,1153.26,"1167",0,"Terra Nova","Y","N","154",1
"259","TN106",12563.44,1767.25,3,0,1415.85,890.36,"281.39999999999998",0,"Terra Nova","Y","N","155",1
"260","TN107",12548.16,1692.24,3,0,1341.58,932.3,"218.7",0,"Terra Nova","Y","N","156",1
"261","TN108",12511.26,1539.58,4,0,1181.77,644.92,"1372.4",0,"Terra Nova","Y","N","157",1
"262","TN109",12439.23,1454.88,4,0,1096.87,622.02,"1284.0999999999999",0,"Terra Nova","Y","N","158",1
"263","TN110",12326.48,1325.57,3,0,813.48,510.34,"2108.1",0,"Terra Nova","Y","N","159",1
"264","TN111",12281.95,1305.09,3,0,847.62,508.38,"2618.9",0,"Terra Nova","Y","N","160",1
"265","TN112",11928.03,948.18,3,0,590.27,448.41,"2387.5",0,"Terra Nova","Y","N","161",1
"266","TN113",11476.84,489.19,3,0,235.27,235.27,"2009.4",0,"Terra Nova","Y","N","162",1
"267","TN114",11357.58,439.91,3,0,232.99,232.99,"1390.4",0,"Terra Nova","Y","N","163",1
"268","TN115",11274.54,372.6,3,0,271.27,271.27,"1322.3",0,"Terra Nova","Y","N","164",1
"269","TN116",11062.03,98.24,3,0,104.6,104.6,"2357.6",0,"Terra Nova","Y","N","165",1
"270","TN117",10803.11,352.46,4,0,397.86,397.86,"2595",0,"Terra Nova","Y","N","166",1
"271","TN118",10873.58,379.73,4,0,355.63,355.63,"2509.4",0,"Terra Nova","Y","N","167",1
"272","TN119",10922.88,372.35,4,0,352.95,352.95,"2585.4",0,"Terra Nova","Y","N","168",1
"273","TN120",10886.73,530.04,4,0,375.73,375.73,"2066",0,"Terra Nova","Y","N","169",1
"274","TN121",10935.85,353.44,4,0,407.85,407.85,"2071.1",0,"Terra Nova","Y","N","ONS7",1
"275","TN122",11497.09,625.53,3,0,366.55,366.55,"2108.3000000000002",0,"Terra Nova","Y","N","170",1
"276","TN123",12587.25,1000.93,3,0,805.13,805.13,"367.5",45.24,"Terra Nova","Y","N","ONS8a",1
"277","TN124",11525.62,1101.59,3,0,515.76,515.76,"1169.7",0,"Terra Nova","Y","N","171",1
"278","TN125",11558.38,1134.11,3,0,496.91,496.91,"999.1",11.32,"Terra Nova","Y","N","172",1
"279","TN126",11571.73,1246.38,3,0,510.8,510.8,"0",117.72,"Terra Nova","Y","N","173",1
"280","TN127",11533.74,1228.16,3,0,427.16,427.16,"297.5",37.03,"Terra Nova","Y","N","174",1
"281","TN128",11370.26,1140.26,3,0,353.41,353.41,"1496.7",0,"Terra Nova","Y","N","175",1
"282","TN129",10998.45,1060.34,4,0,303.41,153.92,"2510.6",0,"Terra Nova","Y","N","176",1
"283","TN130",11108.23,1178.62,3,0,183.81,119.27,"2616.5",0,"Terra Nova","Y","N","177",1
"284","TN131",11209.24,1275.87,3,0,203.64,203.64,"532.4",16.7,"Terra Nova","Y","N","178",1
"285","TN132",11176.59,1263.39,3,0,255.73,255.73,"323.89999999999998",65.81,"Terra Nova","Y","N","179",1
"286","TN133",11119.78,1213.85,3,0,180.25,180.25,"1313.5",0,"Terra Nova","Y","N","180",1
"287","TN134",11169.35,1359.24,3,0,625.64,625.64,"1248.3",18.09,"Terra Nova","Y","N","ONS9",1
"288","TN135",10875.92,1018.33,3,0,584.38,584.38,"70.2",64.54,"Terra Nova","Y","N","181",1
"289","TN136",10756.62,888.11,3,0,611.43,611.43,"1953.8",0,"Terra Nova","Y","N","182",1
"290","TN137",10573.3,660.24,3,0,634.64,346.78,"2580.3000000000002",0,"Terra Nova","Y","N","183",1
"291","TN138",10321.84,319.28,3,0,392.82,201.11,"2389.6999999999998",0,"Terra Nova","Y","N","184",1
"292","TN139",10155.51,277.43,4,0,297,260.95,"2317.9",0,"Terra Nova","Y","N","185",1
"293","TN140",9947.43,528.63,3,0,256.53,256.53,"1822.5",0,"Terra Nova","Y","N","186",1
"294","TN141",9975.88,449.2,3,0,327.98,327.98,"1769.3",0,"Terra Nova","Y","N","187",1
"295","TN142",9989.77,341.04,3,0,276.59,276.59,"1587.8",0,"Terra Nova","Y","N","188",1
"296","TN143",10005.82,244.41,3,0,202.37,202.37,"1864.7",0,"Terra Nova","Y","N","189",1
"297","TN144",9830.16,326.23,4,0,123.05,123.05,"1246.5999999999999",0,"Terra Nova","Y","N","190",1
"298","TN145",10380.19,98.77,4,0,32.66,32.66,"2035.7",0,"Terra Nova","Y","N","191",1
"299","TN146",10078.45,184.22,2,0,313.78,313.78,"2583.9",0,"Terra Nova","Y","N","192",1
"300","TN147",10142.78,298.52,2,0,435.48,435.48,"2696.2",0,"Terra Nova","Y","N","193",1
"301","TN148",10382.25,595.54,2,0,731.44,545.56,"2522.4",0,"Terra Nova","Y","N","194",1
"302","TN149",10740.64,1098.38,2,0,725.82,350.28,"2616.3000000000002",0,"Terra Nova","Y","N","195",1
"303","TN150",10782.71,1238.23,4,0,555.89,182.95,"2024.8",0,"Terra Nova","Y","N","196",1
"304","TN151",10844.41,1362.88,2,0,421.86,121.02,"1734.4",0,"Terra Nova","Y","N","197",1
"305","TN152",10893.41,1369.74,4,0,443.26,142.56,"1781.7",0,"Terra Nova","Y","N","198",1
"306","TN153",11013.27,1309.86,4,0,645.24,451.72,"1721.1",0,"Terra Nova","Y","N","199",1
"307","TN154",11098.42,1367.74,3,0,665.12,497.97,"105.1",59.03,"Terra Nova","Y","N","200",1
"308","TN155",11258.73,1597.53,3,0,495.31,428.99,"0",655.55,"Terra Nova","Y","N","201",1
"309","TN156",11179.26,1919.2,2,0,125.92,125.92,"2505.9",0,"Terra Nova","Y","N","202",1
"310","TN157",11235.26,2035.26,2,0,242.51,166.88,"1535.6",0,"Terra Nova","Y","N","ONS11",1
"311","TN158",11429.27,2126.21,2,0,323.66,323.66,"1420.3",0,"Terra Nova","Y","N","203",1
"312","TN159",11489.12,2257.71,2,0,394.56,394.56,"593.70000000000005",0,"Terra Nova","Y","N","204",1
"313","TN160",11807.22,2684.63,4,0,591.53,519.98,"117.8",0,"Terra Nova","Y","N","205",1
"314","TN161",12134.33,2875.59,3,0,440.04,440.04,"0",192.8,"Terra Nova","Y","N","206",1
"315","TN162",12445.47,3156.16,3,0,168.51,168.51,"486.6",55.18,"Terra Nova","Y","N","207",1
"316","TN163",12900.78,3648.35,3,0,396.14,194.25,"662.4",0,"Terra Nova","Y","N","208",1
"317","TN164",13227.28,3985.95,3,0,706.36,428.64,"355.7",0,"Terra Nova","Y","N","209",1
"318","TN165",13577.96,4341.76,5,0,1081.63,471.29,"1420.4",0,"Terra Nova","Y","N","210",1
"319","TN166",13804.13,4496.13,4,0,1342.65,548.57,"643.6",0,"Terra Nova","Y","N","211",1
"320","TN167",14277.24,4980.83,4,0,1775.24,587.73,"25",57.26,"Terra Nova","Y","N","212",1
"321","TN168",14515.89,5277.68,4,0,2069.29,425.12,"752",0,"Terra Nova","Y","N","213",1
"322","TN169",15060.24,5899.29,3,0,2647.49,330.78,"284.7",0,"Terra Nova","Y","N","214",1
"323","TN170",15644.35,6135.24,2,0,3643.76,1534.04,"1883.8",0,"Terra Nova","Y","N","ONS14",1
"324","TN171",16121.3,7159.78,2,0,3904.86,1183.33,"1726.1",0,"Terra Nova","Y","N","215",1
"325","TN172",16219.22,7246.57,1,0,3971.61,1248.08,"1062.3",0,"Terra Nova","Y","N","216",1
"326","TN173",16305.28,7323.35,3,0,3988.71,1276.69,"236.5",61.52,"Terra Nova","Y","N","217",1
"327","TN174",16465.53,7647.91,3,0,7130.93,1419.22,"97.6",54.6,"Terra Nova","Y","N","218",1
"328","TN175",15713.66,6893.42,3,0,3676.97,998.97,"740.1",0,"Terra Nova","Y","N","219",1
"329","TN176",15089.79,6451.9,3,0,3098.14,700.94,"139.30000000000001",78.84,"Terra Nova","Y","N","220",1
"330","TN177",15112.67,6377.42,4,0,3140.1,363.94,"1281.9000000000001",0,"Terra Nova","Y","N","221",1
"331","TN178",14413.17,5756.57,2,0,2460.43,223.63,"421.3",0,"Terra Nova","Y","N","222",1
"332","TN179",14458.78,5519.16,2,0,2241.54,336.97,"246.4",0,"Terra Nova","Y","N","223",1
"333","TN180",14236.11,5442.1,2,0,2134.54,358.31,"759.7",0,"Terra Nova","Y","N","224",1
"334","TN181",14030.02,5313.6,2,0,1494.93,231.6,"56",77.36,"Terra Nova","Y","N","225",1
"335","TN182",13941.12,5163.45,2,0,1410.35,184.15,"0",184.18,"Terra Nova","Y","N","226",1
"336","TN183",13362.44,4496.2,2,0,965.16,392.46,"0",184.5,"Terra Nova","Y","N","227",1
"337","TN184",13214.76,4247.78,4,0,972.76,434.94,"1083.0999999999999",0,"Terra Nova","Y","N","228",1
"338","TN185",13085.15,3994.92,4,0,947.95,295.39,"2040.2",0,"Terra Nova","Y","N","229",1
"339","TN186",13095.94,4181.94,5,0,886.45,428.88,"759.6",0,"Terra Nova","Y","N","230",1
"340","TN187",12950.23,4005.51,3,0,742.21,309.25,"314.3",0,"Terra Nova","Y","N","231",1
"341","TN188",12847,4045.6,3,0,547.53,547.53,"312.89999999999998",0,"Terra Nova","Y","N","232",1
"342","TN189",13152.6,4696.47,3,0,613.18,613.18,"530.5",0,"Terra Nova","Y","N","233",1
"343","TN190",13066.65,4764.4,2,0,630.06,630.06,"0",106.73,"Terra Nova","Y","N","234",1
"344","TN191",12909.59,4616.57,2,0,474.21,474.21,"0",135.36,"Terra Nova","Y","N","235",1
"345","TN192",12846.96,4526.66,2,0,354.52,354.52,"73.900000000000006",70.89,"Terra Nova","Y","N","236",1
"346","TN193",12730.5,4361.08,3,0,197.98,197.98,"23.6",90.79,"Terra Nova","Y","N","237",1
"347","TN194",12599.76,4231.73,3,0,25.81,25.81,"987.4",0,"Terra Nova","Y","N","238",1
"348","TN195",12538.58,4185.01,3,0,39,39,"1024.5",0,"Terra Nova","Y","N","239",1
"349","TN196",12270.61,4081.33,4,0,311.36,190.71,"313.7",64.03,"Terra Nova","Y","N","240",1
"350","TN197",12046.93,3912.1,4,0,513.32,222.72,"0",100.39,"Terra Nova","Y","N","241",1
"351","TN198",11907.83,3727.33,5,0,695.1,250.38,"558.9",0,"Terra Nova","Y","N","242",1
"352","TN199",11712.09,3668.8,2,0,854.52,467.9,"433.1",0,"Terra Nova","Y","N","243",1
"353","TN200",11256.08,3369.57,5,0,801.88,801.88,"346.3",0,"Terra Nova","Y","N","ONS33a",1
"354","TN201",11120.37,3024.26,5,0,532.61,532.61,"27.6",0,"Terra Nova","Y","N","ONS33",1
"355","TN202",10933.03,3088.36,5,0,225.08,225.08,"2185.5",0,"Terra Nova","Y","N","244",1
"356","TN203",10926.14,3268.25,5,0,56.52,56.52,"1268.8",0,"Terra Nova","Y","N","ONS32",1
"357","TN204",10875.67,3430.47,3,0,487.12,487.12,"141.69999999999999",0,"Terra Nova","Y","N","245",1
"358","TN205",10584.61,3198.06,4,0,392.99,392.99,"2167.9",0,"Terra Nova","Y","N","246",1
"359","TN206",10160.39,3080.85,2,0,700.97,700.97,"2207",0,"Terra Nova","Y","N","247",1
"360","TN207",8725.01,2763.48,4,0,2035.55,912.3,"2141",0,"Terra Nova","Y","N","249",1
"361","TN208",8574.71,2421.04,4,0,1740.52,677.17,"1267.4000000000001",0,"Terra Nova","Y","N","250",1
"362","TN209",8567.09,2654.69,3,0,2066.49,1013.28,"1319.3",0,"Terra Nova","Y","N","251",1
"363","TN210",8252.88,2551.88,3,0,1976.53,1012.63,"1232.4000000000001",0,"Terra Nova","Y","N","252",1
"364","TN211",8211.38,2611.93,3,0,2126.19,1219.35,"0.1",99.12,"Terra Nova","Y","N","253",1
"365","TN212",7875.33,2014.54,2,0,1465.48,762.27,"2000.3",0,"Terra Nova","Y","N","254",1
"366","TN213",7825.49,1786.99,2,0,1304.54,730.2,"2020.3",0,"Terra Nova","Y","N","255",1
"367","TN214",7678.3,1549.07,3,0,1268.33,834.57,"209.3",71.66,"Terra Nova","Y","N","256",1
"368","TN215",7548.46,1394.71,3,0,1087.37,915.69,"0.6",99.87,"Terra Nova","Y","N","257",1
"369","TN216",7664.19,1355.33,3,0,827.47,741.78,"1345",0,"Terra Nova","Y","N","258",1
"370","TN217",7717.83,1198.57,3,0,660.02,660.02,"1183.2",0,"Terra Nova","Y","N","259",1
"371","TN218",7753.4,1067.51,3,0,504.27,504.27,"1978.9",0,"Terra Nova","Y","N","260",1
"372","TN219",7707.04,835.57,2,0,264.98,264.98,"1506.3",0,"Terra Nova","Y","N","261",1
"373","TN220",7677.62,613.2,4,0,34.03,34.03,"1670.5",0,"Terra Nova","Y","N","262",1
"374","TN221",7443.36,255.63,2,0,224.96,224.96,"2511.1999999999998",0,"Terra Nova","Y","N","263",1
"375","TN222",746.45,170.51,2,0,172.76,172.76,"2427.9",0,"Terra Nova","Y","N","264",1
"376","TN223",7338.56,88.86,3,0,73.85,73.85,"2226.8000000000002",0,"Terra Nova","Y","N","265",1
"377","TN224",6913.35,478.91,3,0,168.73,168.73,"2825.1",0,"Terra Nova","Y","N","266",1
"378","TN225",6851.34,605.74,4,0,94.84,94.84,"2528.6",0,"Terra Nova","Y","N","267",1
"379","TN226",6864.71,730.17,4,0,359.68,359.68,"1592.5",0,"Terra Nova","Y","N","268",1
"380","TN227",7044.05,647.48,3,0,452.08,452.08,"1170.0999999999999",0,"Terra Nova","Y","N","269",1
"381","TN228",7104.52,642.98,3,0,547.22,547.22,"1937.1",0,"Terra Nova","Y","N","270",1
"382","TN229",7138,895.74,3,0,708.85,708.85,"38",82.98,"Terra Nova","Y","N","271",1
"383","TN230",7136.76,1123.07,3,0,932.84,932.84,"512.20000000000005",0,"Terra Nova","Y","N","272",1
"384","TN231",7160.02,1317.36,3,0,1043.97,1043.97,"480.7",0,"Terra Nova","Y","N","273",1
"385","TN232",7159.56,1451.41,3,0,1232.58,1232.58,"525.9",0,"Terra Nova","Y","N","274",1
"386","TN233",7113.33,1708.54,3,0,1264.58,1264.58,"1022.9",0,"Terra Nova","Y","N","275",1
"387","TN234",6962.29,1855.22,5,0,1149,1149,"181.2",0,"Terra Nova","Y","N","276",1
"388","TN235",6806.46,1877.38,3,0,1019.48,1019.48,"3.8",26.23,"Terra Nova","Y","N","277",1
"389","TN236",6480.89,1547.71,4,0,494.78,458.2,"1218.5",0,"Terra Nova","Y","N","278",1
"390","TN237",6401.4,1482.99,3,0,509.99,481.86,"278.8",70.06,"Terra Nova","Y","N","279",1
"391","TN238",6366.06,1402.08,3,0,456.34,422.15,"652.1",0,"Terra Nova","Y","N","280",1
"392","TN239",5733.48,1228.92,3,0,213.16,213.16,"1756.9",0,"Terra Nova","Y","N","281",1
"393","TN240",5293.1,1120.83,4,0,641.63,641.63,"13.5",93.08,"Terra Nova","Y","N","282",1
"394","TN241",5409.85,673.38,3,0,646.01,555.46,"2983.3",0,"Terra Nova","Y","N","283",1
"395","TN242",5493.64,790.02,3,0,778.32,584.14,"2798.6",0,"Terra Nova","Y","N","284",1
"396","TN243",5706.86,617.92,3,0,404.25,404.25,"2800.1",0,"Terra Nova","Y","N","285",1
"397","TN244",5487.32,203.66,5,0,278.94,278.94,"2828.4",0,"Terra Nova","Y","N","286",1
"398","TN245",5221.44,203.17,3,0,476.94,476.94,"1262.5999999999999",0,"Terra Nova","Y","N","287",1
"399","TN246",5112.88,74.21,4,0,374.92,374.92,"2346",0,"Terra Nova","Y","N","288",1
"400","TN247",4876.77,323.18,3,0,612.18,612.18,"634.1",0,"Terra Nova","Y","N","289",1
"401","TN248",4673.76,563.28,3,0,414.47,414.47,"1332.2",0,"Terra Nova","Y","N","290",1
"402","TN249",4655.08,633.51,5,0,336.34,336.34,"2600.1",0,"Terra Nova","Y","N","291",1
"403","TN250",4050.78,603.96,3,0,360.7,360.7,"1082.7",0,"Terra Nova","Y","N","292",1
"404","TN251",3512.92,227.33,2,0,778.41,778.41,"609.29999999999995",0,"Terra Nova","Y","N","293",1
"405","TN252",3398.69,202.04,4,0,675.85,675.85,"1225.2",0,"Terra Nova","Y","N","294",1
"406","TN253",3035.1,380.84,4,0,297.06,297.06,"1331.4",0,"Terra Nova","Y","N","295",1
"407","TN254",2907.94,604.52,4,0,112.43,112.43,"2294.6",0,"Terra Nova","Y","N","296",1
"408","TN255",2423.93,2423.93,3,0,1037.83,1037.83,"1729.3",0,"Terra Nova","Y","N","INS5",1
"409","TN256",2528.83,2528.83,3,0,676.39,676.39,"0",100.06,"Terra Nova","Y","N","INS6",1
"410","TN257",1687.96,1687.96,4,0,863.05,570.36,"0",137.31,"Terra Nova","Y","N","INS4",1
"411","TN258",1773.95,1773.95,4,0,1164.55,496.34,"60.3",23.97,"Terra Nova","Y","N","INS3",1
"412","TN259",1738.44,1738.44,4,0,1415.49,598.34,"728",107.58,"Terra Nova","Y","N","INS2",1
"413","TN260",1623.54,1623.54,4,0,1631,739.32,"1281.7",0,"Terra Nova","Y","N","INS1",1
"414","TN261",751.48,751.48,4,0,698.51,698.51,"1602",0,"Terra Nova","Y","N","INS24",1
"415","TN262",854.57,854.57,4,0,882.38,882.38,"699.2",0,"Terra Nova","Y","N","INS23",1
"416","TN263",1799.08,1799.08,4,0,1013.44,1013.44,"1531.7",0,"Terra Nova","Y","N","INS22",1
"417","TN264",2746.47,2746.47,4,0,459.98,459.98,"1142.3",0,"Terra Nova","Y","N","INS21",1
"418","TN265",2742.11,2742.11,4,0,748.85,748.85,"1299.7",0,"Terra Nova","Y","N","INS20",1
"419","TN266",3756.4,3756.4,3,0,379.34,379.34,"811",0,"Terra Nova","Y","N","INS7",1
"420","TN267",4873.19,2541.49,4,0,612.12,612.12,"563.29999999999995",0,"Terra Nova","Y","N","297",1
"421","TN268",5143.47,2514.99,4,0,348.29,348.29,"1070.5",0,"Terra Nova","Y","N","298",1
"422","TN269",5754.43,2804.77,4,0,217.16,217.16,"1093",0,"Terra Nova","Y","N","299",1
"423","TN270",5977.61,2900.72,4,0,154.42,154.42,"1583.9",0,"Terra Nova","Y","N","300",1
"424","TN271",6039.51,3001.72,2,0,190.62,190.62,"431.4",0,"Terra Nova","Y","N","301",1
"425","TN272",6470.81,6470.81,4,0,571.67,571.67,"2052.9",0,"Terra Nova","Y","N","INS8",1
"426","TN273",6995.03,6995.03,3,0,261.15,152.71,"12.5",0.82,"Terra Nova","Y","N","INS9",1
"427","TN274",7514,7514,3,0,246.92,246.92,"1573.2",0,"Terra Nova","Y","N","INS10",1
"428","TN275",5876.93,3724.78,3,0,405.7,405.7,"230",0,"Terra Nova","Y","N","302",1
"429","TN276",4708.94,5677.55,3,0,870.15,870.15,"1397.4",0,"Terra Nova","Y","N","INS11",1
"430","TN277",3924.63,4900.94,3,0,957.63,957.63,"1135.9000000000001",0,"Terra Nova","Y","N","INS12",1
"431","TN278",3678.66,1634.25,4,0,449.41,449.41,"1287.0999999999999",0,"Terra Nova","Y","N","303",1
"432","TN279",3688.96,4665.16,4,0,937.16,937.16,"0",224.16,"Terra Nova","Y","N","INS14",1
"433","TN280",3211.22,1203.28,4,0,483.59,483.59,"0",105.5,"Terra Nova","Y","N","304",1
"434","TN281",3383.46,1063.63,4,0,295.06,295.06,"946.5",0,"Terra Nova","Y","N","305",1
"435","TN282",3453.13,1091.68,4,0,106.23,106.23,"1960.8",0,"Terra Nova","Y","N","306",1
"436","TN283",3666.96,1133.7,4,0,208.48,208.48,"331.1",0,"Terra Nova","Y","N","307",1
"437","TN284",44.68,2376.71,3,0,871.5,757.11,"N/A",NA,"Terra Nova","Y","N","SWA23",1
"438","TN285",516.89,651.71,4,0,1951.61,922.36,"N/A",NA,"Terra Nova","Y","N","SWA1",1
"439","TN286",746.29,1036.7,4,0,2066.2,1102.47,"N/A",NA,"Terra Nova","Y","N","SWA2",1
"440","TN287",998.64,1098.54,4,0,1777.54,1247.58,"N/A",NA,"Terra Nova","Y","N","SWA3",1
"441","TN288",673.29,744.32,4,0,1313.45,1313.45,"N/A",NA,"Terra Nova","Y","N","SWA4",1
"442","TN289",756.31,855.61,4,0,1063.76,1063.76,"N/A",NA,"Terra Nova","Y","N","SWA5",1
"443","TN290",1385.15,927.78,4,0,598.35,598.35,"N/A",NA,"Terra Nova","Y","N","SWA6",1
"444","TN291",1896.13,240.77,4,0,481.95,481.95,"N/A",NA,"Terra Nova","Y","N","SWA7",1
"445","TN292",1872.23,343.82,4,0,385.25,376.04,"N/A",NA,"Terra Nova","Y","N","SWA8",1
"446","TN293",1297.08,785.6,4,0,263.09,263.09,"N/A",NA,"Terra Nova","Y","N","SWA9",1
"447","TN294",433.69,530.28,4,0,483.91,483.91,"N/A",NA,"Terra Nova","Y","N","SWA10",1
"448","TN295",820.42,710.77,4,0,816.2,738.67,"N/A",NA,"Terra Nova","Y","N","SWA11",1
"449","TN296",1588.41,618.63,2,0,720.1,718.16,"N/A",NA,"Terra Nova","Y","N","SWA12",1
"450","TN297",1964.57,757.97,4,0,548.51,548.51,"N/A",NA,"Terra Nova","Y","N","SWA13",1
"451","ABR1",1458.97,106.48,3,1317,859.1,859.1,"N/A",NA,"Alexander Bay","N","Y","SSR1",0
"452","ABR2",1275.54,142.04,4,1410.58,526.85,180.47,"N/A",NA,"Alexander Bay","N","Y","SSR2",0
"453","ABR3",1260.23,236.23,4,1584.12,280.15,280.15,"N/A",NA,"Alexander Bay","N","Y","SSR3",0
"454","ABR4",1232.45,282.14,4,1566.03,136.51,136.51,"N/A",NA,"Alexander Bay","N","Y","SSR4",0
"455","ABR5",1377.81,113.6,4,1719.03,215.66,215.66,"N/A",NA,"Alexander Bay","N","Y","SSR5",0
"456","ABR6",1692.85,238.46,5,2034.98,560.76,560.76,"N/A",NA,"Alexander Bay","N","Y","SSR6",0
"457","ABR7",1927.75,791.43,5,2264.27,911,684.94,"N/A",NA,"Alexander Bay","N","Y","SSR7",0
"458","ABR8",2045.03,1128.48,5,2377.59,1067.85,790.31,"N/A",NA,"Alexander Bay","N","Y","SSR8",0
"459","ABR9",2131.65,565.65,4,2461.28,834.88,549.37,"N/A",NA,"Alexander Bay","N","Y","SSR9",0
"460","ABR10",2504.09,167.97,4,3290.21,666.14,639.28,"N/A",NA,"Alexander Bay","N","Y","SSR10",0
"461","ABR11",2922.81,125.82,4,3215.01,456.34,422.55,"N/A",NA,"Alexander Bay","N","Y","SSR11",0
"462","ABR12",3239.56,284.36,4,3523.34,394.3,394.3,"N/A",NA,"Alexander Bay","N","Y","SSR12",0
"463","ABR13",3205.36,528.01,3,3470.18,184.61,184.61,"N/A",NA,"Alexander Bay","N","Y","SSR13",0
"464","ABR14",2832.42,778.27,3,3077.13,320.82,254.81,"N/A",NA,"Alexander Bay","N","Y","SSR14",0
"465","ABR15",2388.44,909.16,4,2618.61,762.56,420.6,"N/A",NA,"Alexander Bay","N","Y","SSR15",0
"466","ABR16",2287.01,842,4,2525.5,805.59,353.5,"N/A",NA,"Alexander Bay","N","Y","SSR16",0
"467","ABR17",1934,402.1,4,2139.14,1268.27,774.72,"N/A",NA,"Alexander Bay","N","Y","SSR17",0
"468","ABR18",1576.05,35.35,4,1761,1645.79,465.36,"N/A",NA,"Alexander Bay","N","Y","SSR18",0
"469","ABR19",1251.04,226.58,2,1351.02,2191.13,445.28,"N/A",NA,"Alexander Bay","N","Y","SSR19",0
"470","ABR20",529.48,988.8,4,590.42,2762.31,358.45,"N/A",NA,"Alexander Bay","N","Y","SSR20",0
"471","ABR21",818.29,1594.95,3,85.26,3500.9,415.6,"N/A",NA,"Alexander Bay","N","Y","SSR21",0
"472","ABR22",214.11,1969.82,4,135.18,3961.39,454.32,"N/A",NA,"Alexander Bay","N","Y","SSR22",0
"473","ABR23",456.08,2317.08,4,62.87,4344.94,740.09,"N/A",NA,"Alexander Bay","N","Y","SSR23",0
"474","ABR24",690.04,2134.66,4,871.7,4175.83,629.32,"N/A",NA,"Alexander Bay","N","Y","SSR24",0
"475","ABR25",839.47,1898.14,4,736.68,3939.01,675.43,"N/A",NA,"Alexander Bay","N","Y","SSR25",0
"476","ABR26",1262.7,1599.24,4,529.17,3610.37,823.88,"N/A",NA,"Alexander Bay","N","Y","SSR26",0
"477","ABR27",1276.32,910.37,5,592.72,2508.03,1039.86,"N/A",NA,"Alexander Bay","N","Y","SSR27",0
"478","ABR28",1396.38,244.46,2,767.1,1706.41,1706.41,"N/A",NA,"Alexander Bay","N","Y","SSR28",0
"479","ABR29",979.34,256.24,4,453.18,1927.15,1107.29,"N/A",NA,"Alexander Bay","N","Y","SSR29",0
"480","ABR30",294.02,234.8,4,95.77,2588.9,466.99,"N/A",NA,"Alexander Bay","N","Y","SSR30",0
"481","ABR31",35.51,108.42,4,35.6,2770.67,433.51,"N/A",NA,"Alexander Bay","N","Y","SSR31",0
"482","ABR32",73.49,352.9,4,74.82,2711.68,670.71,"N/A",NA,"Alexander Bay","N","Y","SSR32",0
"483","ABR33",381.86,337.37,4,63.52,4268.88,355.97,"N/A",NA,"Alexander Bay","N","Y","SSR33",0
"484","ABR34",315.94,172.41,3,91.52,3950.94,734.98,"N/A",NA,"Alexander Bay","N","Y","SSR34",0
"485","ABR35",245.91,147.49,4,118.47,3667.83,1301.06,"N/A",NA,"Alexander Bay","N","Y","SSR35",0
"486","ABR36",109.57,58.34,3,109.41,3758.54,394.44,"N/A",NA,"Alexander Bay","N","Y","SSR36",0
"487","ABR37",304.21,95.69,4,140.52,3209.35,350.89,"N/A",NA,"Alexander Bay","N","Y","SSR37",0
"488","ABR38",477.03,363.79,5,107.72,2850.85,539.81,"N/A",NA,"Alexander Bay","N","Y","SSR38",0
"489","ABR39",401.61,846.06,5,125.33,1942.62,963.56,"N/A",NA,"Alexander Bay","N","Y","SSR39",0
"490","ABR40",583.76,938.81,5,173.72,1284.23,1284.23,"N/A",NA,"Alexander Bay","N","Y","SSR40",0
"491","ABR41",813.94,697.62,4,112.6,594.71,594.71,"N/A",NA,"Alexander Bay","N","Y","SSR41",0
"492","ABR42",635.54,154.29,4,173.33,48.44,48.44,"N/A",NA,"Alexander Bay","N","Y","SSR42",0
"493","ABR43",743.3,486.63,4,496.96,900.59,294.28,"N/A",NA,"Alexander Bay","N","Y","SSR43",0
"494","ABR44",621.88,226.77,4,584.37,1079.65,352.28,"N/A",NA,"Alexander Bay","N","Y","SSR44",0
"495","ABR45",260.34,436.67,4,467.55,1349.74,470.08,"N/A",NA,"Alexander Bay","N","Y","SSR45",0
"496","ABR46",131.25,704.41,4,408.37,1585.67,688.09,"N/A",NA,"Alexander Bay","N","Y","SSR46",0
"497","ABR47",198.82,1085.3,1,550.93,1852.63,749.92,"N/A",NA,"Alexander Bay","N","Y","SSR47",0
"498","ABR48",396.45,646.09,4,879.47,2230.58,774.29,"N/A",NA,"Alexander Bay","N","Y","SSR48",0
"499","ABR49",666.22,472.23,4,1355.92,2311.96,1129.04,"N/A",NA,"Alexander Bay","N","Y","SSR49",0
"500","ABR50",760.61,825.74,4,1455.61,2662.19,858.71,"N/A",NA,"Alexander Bay","N","Y","SSR50",0
"501","ABR51",534.71,1164.71,4,1466.22,2871.2,853.43,"N/A",NA,"Alexander Bay","N","Y","SSR51",0
"502","ABR52",318.76,384.05,4,2070.8,2589.14,524.7,"N/A",NA,"Alexander Bay","N","Y","SSR52",0
"503","ABR53",127.83,332.66,4,2122.19,2383.64,446.41,"N/A",NA,"Alexander Bay","N","Y","SSR53",0
"504","ABR54",357.33,109.47,3,2390.98,2245.72,525.39,"N/A",NA,"Alexander Bay","N","Y","SSR54",0
"505","ABR55",677.66,252.05,3,2641.13,2211.29,638.04,"N/A",NA,"Alexander Bay","N","Y","SSR55",0
"506","ABR56",1522.71,103.24,3,2689.34,1644.79,920.16,"N/A",NA,"Alexander Bay","N","Y","SSR56",0
"507","ABR57",2047.11,646.5,4,3155.31,1885.42,1401.08,"N/A",NA,"Alexander Bay","N","Y","SSR57",0
"508","ABR58",2027.87,565.21,3,2928.25,1605.58,1190.53,"N/A",NA,"Alexander Bay","N","Y","SSR58",0
"509","ABR59",1843.68,381.09,3,2723.16,1484.79,1005.85,"N/A",NA,"Alexander Bay","N","Y","SSR59",0
"510","ABR60",1675.22,158.14,4,2651.11,1531.96,875.38,"N/A",NA,"Alexander Bay","N","Y","SSR60",0
"511","ABR61",1639.41,265.98,4,2486.96,1335.95,751.61,"N/A",NA,"Alexander Bay","N","Y","SSR61",0
"512","ABR62",1789.53,456.04,1,2447.76,1188.2,716.51,"N/A",NA,"Alexander Bay","N","Y","SSR62",0
"513","ABR63",2117.59,98.02,4,2509.57,1046.9,836.92,"N/A",NA,"Alexander Bay","N","Y","SSR63",0
"514","ABR64",2352.86,207.63,3,2575.17,1006.55,972.07,"N/A",NA,"Alexander Bay","N","Y","SSR64",0
"515","ABR65",2036.36,208.54,4,2404.59,828.55,828.55,"N/A",NA,"Alexander Bay","N","Y","SSR65",0
"516","ABR66",1982.66,384.34,4,2278.14,655.19,655.19,"N/A",NA,"Alexander Bay","N","Y","SSR66",0
"517","ABR67",1989.26,620.37,4,2168.67,491.29,491.29,"N/A",NA,"Alexander Bay","N","Y","SSR67",0
"518","ABR68",1877.97,624.89,4,1912.72,269.82,269.82,"N/A",NA,"Alexander Bay","N","Y","SSR68",0
"519","ABR69",1607.47,996.39,4,1663.32,41.52,41.52,"N/A",NA,"Alexander Bay","N","Y","SSR69",0
"520","ABR70",1792.39,1144.8,4,1745.3,271.57,271.57,"N/A",NA,"Alexander Bay","N","Y","SSR70",0
"521","ABR71",1714.37,1367.83,4,1558.71,428.22,428.22,"N/A",NA,"Alexander Bay","N","Y","SSR71",0
"522","ABR72",1485.18,1450.28,4,1193.1,498.45,498.45,"N/A",NA,"Alexander Bay","N","Y","SSR72",0
"523","ABR73",1235.07,1567.93,4,984.72,658.86,658.86,"N/A",NA,"Alexander Bay","N","Y","SSR73",0
"524","ABR74",952.91,1598.5,4,836.09,341.81,341.81,"N/A",NA,"Alexander Bay","N","Y","SSR74",0
"525","ABR75",674.98,1147.32,4,569.59,84.3,84.3,"N/A",NA,"Alexander Bay","N","Y","SSR75",0
"526","ABR76",611.98,994.19,4,449.13,184.08,184.08,"N/A",NA,"Alexander Bay","N","Y","SSR76",0
"527","ABR77",830.95,1001.1,4,393.81,211.55,211.55,"N/A",NA,"Alexander Bay","N","Y","SSR77",0
"528","ABR78",1004.01,1109.19,4,478.93,369.99,369.99,"N/A",NA,"Alexander Bay","N","Y","SSR78",0
"529","ABR79",1250.2,1203.85,4,614.81,716.77,716.77,"N/A",NA,"Alexander Bay","N","Y","SSR79",0
"530","ABR80",925.9,791.79,4,266.8,582.71,582.71,"N/A",NA,"Alexander Bay","N","Y","SSR80",0
"531","ABR81",1097.57,765.2,4,459.28,904.51,887.71,"N/A",NA,"Alexander Bay","N","Y","SSR81",0
"532","ABR82",927.61,483.85,4,387.74,783.69,772.29,"N/A",NA,"Alexander Bay","N","Y","SSR82",0
"533","ABR83",735.69,193.18,4,209.62,458.47,458.47,"N/A",NA,"Alexander Bay","N","Y","SSR83",0
"534","ABR84",678.16,299.58,4,364.69,37.94,37.94,"N/A",NA,"Alexander Bay","N","Y","SSR84",0
"535","ABR85",998.21,145.72,1,482.45,535.8,535.8,"N/A",NA,"Alexander Bay","N","Y","SSR85",0
"536","ABR86",1409.4,62.6,1,880.78,887.15,887.15,"N/A",NA,"Alexander Bay","N","Y","SSR86",0
"537","ABR87",1464.86,56.44,1,953.32,723.38,723.38,"N/A",NA,"Alexander Bay","N","Y","SSR87",0
"538","ABR88",1338.05,154.93,1,946.15,371.63,371.63,"N/A",NA,"Alexander Bay","N","Y","SSR88",0
"539","ABR89",1250.36,839.75,4,824.16,246.4,202.26,"N/A",NA,"Alexander Bay","N","Y","SSR89",0
"540","ABR90",1064.24,495.06,4,504.45,302.68,302.68,"N/A",NA,"Alexander Bay","N","Y","SSR90",0
"541","ABR91",735.19,196.28,4,269.42,265.74,261.68,"N/A",NA,"Alexander Bay","N","Y","SSR91",0
"542","ABR92",928.72,309,1,541.97,42.3,42.3,"N/A",NA,"Alexander Bay","N","Y","SSR92",0
"543","ABR93",805.07,350.68,1,650.8,235.44,142.23,"N/A",NA,"Alexander Bay","N","Y","SSR93",0
"544","ABR94",970.82,467.82,3,864.8,92.81,92.81,"N/A",NA,"Alexander Bay","N","Y","SSR94",0
"545","ABR95",1369.61,626.39,3,738.94,203.46,203.46,"N/A",NA,"Alexander Bay","N","Y","SSR95",0
"546","ABR96",2009.39,47.04,3,242.88,643.1,601.17,"N/A",NA,"Alexander Bay","N","Y","SSR96",0
"547","ABR97",2130.92,73.96,4,251.18,765.55,701.64,"N/A",NA,"Alexander Bay","N","Y","SSR97",0
"548","ABR98",2201.53,836.87,1,1093.84,1127.05,1127.05,"N/A",NA,"Alexander Bay","N","Y","SSR98",0
"549","ABR99",2632.87,674.56,4,1066.09,1404.21,1404.21,"N/A",NA,"Alexander Bay","N","Y","SSR99",0
"550","ABR100",2508.7,248.27,4,661.93,1175.26,1155.62,"N/A",NA,"Alexander Bay","N","Y","SSR100",0
"551","ABR101",2281.6,112,2,187.26,916.67,716.07,"N/A",NA,"Alexander Bay","N","Y","SSR101",0
"552","ABR102",2664.45,141.19,3,566.9,1504.8,1056.2,"N/A",NA,"Alexander Bay","N","Y","SSR102",0
"553","ABR103",2996.48,382.88,4,964.29,1306.36,1111.71,"N/A",NA,"Alexander Bay","N","Y","SSR103",0
"554","ABR104",3236.26,468.38,3,1163.91,1492.29,1401.66,"N/A",NA,"Alexander Bay","N","Y","SSR104",0
"555","ABR105",2518.72,1100.47,3,1653.56,753.76,753.76,"N/A",NA,"Alexander Bay","N","Y","SSR105",0
"556","ABR106",1777.75,292.79,3,1041.21,417.31,417.31,"N/A",NA,"Alexander Bay","N","Y","SSR106",0
"557","ABR107",1386.09,289.66,4,788.32,947.28,937.15,"N/A",NA,"Alexander Bay","N","Y","SSR107",0
"558","ABR108",1246.66,104.75,3,817.84,1709.77,1649.22,"N/A",NA,"Alexander Bay","N","Y","SSR108",0
"559","ABR109",963.44,117.08,3,534.68,1661.86,1533.42,"N/A",NA,"Alexander Bay","N","Y","SSR109",0
"560","ABR110",961.45,240.22,1,514.02,1783.93,1644.44,"N/A",NA,"Alexander Bay","N","Y","SSR110",0
"561","ABR111",934.33,935.4,3,294.88,2363.18,2059.51,"N/A",NA,"Alexander Bay","N","Y","SSR111",0
"562","ABR112",645.27,916.65,3,295.82,2520.49,1997.44,"N/A",NA,"Alexander Bay","N","Y","SSR112",0
"563","ABR113",663.02,639.42,2,582.86,2817.13,2168.77,"N/A",NA,"Alexander Bay","N","Y","SSR113",0
"564","ABR114",615.2,185.13,1,178.19,3233.48,2008.13,"N/A",NA,"Alexander Bay","N","Y","SSR114",0
"565","ABR115",568.13,76.41,4,204.5,3651.08,1623.99,"N/A",NA,"Alexander Bay","N","Y","SSR115",0
"566","ABR116",478.57,510.81,1,98.29,4054.81,1175.67,"N/A",NA,"Alexander Bay","N","Y","SSR116",0
"567","ABR117",628.32,1229.83,3,77.06,4300,525.34,"N/A",NA,"Alexander Bay","N","Y","SSR117",0
"568","ABR118",589.59,1192.26,4,175.03,3896.82,281.17,"N/A",NA,"Alexander Bay","N","Y","SSR118",0
"569","ABR119",583.88,771.9,4,127.74,3613.39,655,"N/A",NA,"Alexander Bay","N","Y","SSR119",0
"570","ABR120",497.26,588.54,1,113.98,3220.05,933.81,"N/A",NA,"Alexander Bay","N","Y","SSR120",0
"571","ABR121",715.11,336.47,1,48.11,2857.24,497.34,"N/A",NA,"Alexander Bay","N","Y","SSR121",0
"572","ABR122",658.66,352.5,3,96.08,2665.45,677.02,"N/A",NA,"Alexander Bay","N","Y","SSR122",0
"573","ABR123",653.85,547.45,3,170.6,2604.58,867.46,"N/A",NA,"Alexander Bay","N","Y","SSR123",0
"574","ABR124",592.42,467.59,3,132.67,1923.71,710.8,"N/A",NA,"Alexander Bay","N","Y","SSR124",0
"575","ABR125",920.2,331.56,2,408.78,1569.19,896.53,"N/A",NA,"Alexander Bay","N","Y","SSR125",0
"576","ABR126",1382.89,407.83,2,842.67,1109.63,376.15,"N/A",NA,"Alexander Bay","N","Y","SSR126",0
"577","ABR127",806.72,1427.22,4,399.93,1527.74,307.16,"N/A",NA,"Alexander Bay","N","Y","SSR127",0
"578","ABR128",783.17,1984.44,4,180.33,1202.64,428.88,"N/A",NA,"Alexander Bay","N","Y","SSR128",0
"579","ABR129",303.47,1552.37,4,108.89,1298.59,975.76,"N/A",NA,"Alexander Bay","N","Y","SSR129",0
"580","ABR130",175.16,802.67,4,102.38,1720.77,761.6,"N/A",NA,"Alexander Bay","N","Y","SSR130",0
"581","ABR131",197.98,239.01,3,177.86,2045.71,218.83,"N/A",NA,"Alexander Bay","N","Y","SSR131",0
"582","ABR132",135.07,73.1,4,60.17,2200.66,642.36,"N/A",NA,"Alexander Bay","N","Y","SSR132",0
"583","ABR133",228.28,377.49,3,182.36,1925.93,727.25,"N/A",NA,"Alexander Bay","N","Y","SSR133",0
"584","ABR134",296.71,614.84,4,107.84,1635.07,1007.02,"N/A",NA,"Alexander Bay","N","Y","SSR134",0
"585","ABR135",816.28,1155.61,3,124.32,1087.31,793.33,"N/A",NA,"Alexander Bay","N","Y","SSR135",0
"586","ABR136",1581.61,1909.77,1,793.85,565.16,548.94,"N/A",NA,"Alexander Bay","N","Y","SSR136",0
"587","ABR137",1012.1,2479.53,4,489.9,278.81,268.74,"N/A",NA,"Alexander Bay","N","Y","SSR137",0
"588","ABR138",1372.33,2678.42,4,814.22,723.9,603.97,"N/A",NA,"Alexander Bay","N","Y","SSR138",0
"589","ABR139",1310.04,2556.74,4,941.09,872.04,742.7,"N/A",NA,"Alexander Bay","N","Y","SSR139",0
"590","ABR140",1434.89,2200.68,4,1273.74,1286.7,917.9,"N/A",NA,"Alexander Bay","N","Y","SSR140",0
"591","ABR141",1211.53,1626.56,4,2040.71,1154.03,1085.29,"N/A",NA,"Alexander Bay","N","Y","SSR141",0
"592","ABR142",1349.25,1323.69,4,1958.96,1200.34,1170.42,"N/A",NA,"Alexander Bay","N","Y","SSR142",0
"593","ABR143",1409.44,754.72,4,1622.9,1684.54,1073.7,"N/A",NA,"Alexander Bay","N","Y","SSR143",0
"594","ABR144",1702.77,393.18,1,1603.74,1546.2,1131.8,"N/A",NA,"Alexander Bay","N","Y","SSR144",0
"595","ABR145",1475.29,35.09,1,1347.19,1199.55,991.96,"N/A",NA,"Alexander Bay","N","Y","SSR145",0
"596","ABR146",1368.09,28.98,2,1277.17,997.19,997.19,"N/A",NA,"Alexander Bay","N","Y","SSR146",0
"597","ABR147",1428.38,56.1,4,1408.4,605.62,605.62,"N/A",NA,"Alexander Bay","N","Y","SSR147",0
"598","ABR148",2435.25,242.34,4,1864.58,161.05,161.05,"N/A",NA,"Alexander Bay","N","Y","SSR148",0
"599","ABR149",2435.66,426.54,1,1905.7,104.32,104.32,"N/A",NA,"Alexander Bay","N","Y","SSR149",0
"600","ABR150",2084.83,70.1,2,1581.78,409.32,285.71,"N/A",NA,"Alexander Bay","N","Y","SSR150",0
"601","ABR151",1779.87,88.85,3,1270.14,701.7,263.7,"N/A",NA,"Alexander Bay","N","Y","SSR151",0
"602","ABR152",1085.57,35.42,2,712.99,1546.4,226.63,"N/A",NA,"Alexander Bay","N","Y","SSR152",0
"603","ABR153",955.7,115.88,5,442.96,2229.94,349.32,"N/A",NA,"Alexander Bay","N","Y","SSR153",0
"604","ABR154",1372.25,307.23,4,235.78,3456.88,918.14,"N/A",NA,"Alexander Bay","N","Y","SSR154",0
"605","TNR1",4267.82,246.42,4,0,654.64,654.64,"1597.86",0,"Terra Nova","N","N","TNR1",0
"606","TNR2",3723.1,456.73,3,0,91.88,91.88,"1239.29",0,"Terra Nova","N","N","TNR2",0
"607","TNR3",4327,733.77,5,0,677.1,677.1,"786.06799999999998",0,"Terra Nova","N","N","TNR3",0
"608","TNR4",4647.51,978.21,3,0,1005.02,1005.02,"2348.5",0,"Terra Nova","N","N","TNR4",0
"609","TNR5",4422.51,1131.84,5,0,945.37,945.37,"1447.66",0,"Terra Nova","N","N","TNR5",0
"610","TNR6",4399.7,1358.01,5,0,1093.86,1093.86,"1499.77",0,"Terra Nova","N","N","TNR6",0
"611","TNR7",4350.7,1644.51,5,0,917.09,917.09,"1735.05",0,"Terra Nova","N","N","TNR7",0
"612","TNR8",4620.28,1892.71,4,0,655.46,655.46,"1563.15",0,"Terra Nova","N","N","TNR8",0
"613","TNR9",4750.29,2198.3,4,0,348.61,348.61,"1807.56",0,"Terra Nova","N","N","TNR9",0
"614","TNR10",4970.03,2482.85,5,0,116.32,116.32,"1123.1099999999999",0,"Terra Nova","N","N","TNR10",0
"615","TNR11",5130.65,2418.66,5,0,373.96,373.96,"1817.93",0,"Terra Nova","N","N","TNR11",0
"616","TNR12",5473.09,2693.47,5,0,606.65,606.65,"1961",0,"Terra Nova","N","N","TNR12",0
"617","TNR13",5842.2,3095.49,3,0,919.14,736.24,"2187.75",51.08,"Terra Nova","N","N","TNR13",0
"618","TNR14",6009.45,3451.3,2,0,1106.32,835.69,"1864.68",0,"Terra Nova","N","N","TNR14",0
"619","TNR15",6149.25,3700.15,2,0,963.31,693.3,"2160.2199999999998",27.96,"Terra Nova","N","N","TNR15",0
"620","TNR16",6244.32,3966.99,2,0,644.58,487.85,"2074.61",0,"Terra Nova","N","N","TNR16",0
"621","TNR17",6375.87,4211.43,3,0,387.02,125.24,"2120.2399999999998",9.13,"Terra Nova","N","N","TNR17",0
"622","TNR18",6481.76,4451.11,3,0,114.84,114.84,"1577.84",0,"Terra Nova","N","N","TNR18",0
"623","TNR19",6785.44,4812.49,3,0,290.67,209.91,"2121.77",0,"Terra Nova","N","N","TNR19",0
"624","TNR20",7052.95,5075.57,3,0,568.78,488.22,"2047.32",0,"Terra Nova","N","N","TNR20",0
"625","TNR21",7357.1,5402.06,3,0,898.18,802.68,"0",138.48,"Terra Nova","N","N","TNR21",0
"626","TNR22",7586.36,5262.336,3,0,1189.47,768.93,"1823.22",0,"Terra Nova","N","N","TNR22",0
"627","TNR23",7889.6,4958.82,3,0,809.46,760.25,"1953.76",0,"Terra Nova","N","N","TNR23",0
"628","TNR24",8168.45,4781.66,3,0,533.53,498.98,"1580.87",0,"Terra Nova","N","N","TNR24",0
"629","TNR25",8498.42,4555.05,3,0,209.59,209.59,"1420.15",0,"Terra Nova","N","N","TNR25",0
"630","TNR26",8662.18,4366.87,5,0,32.05,32.05,"1304.49",0,"Terra Nova","N","N","TNR26",0
"631","TNR27",8899.03,4230.43,5,0,262.44,262.44,"1965.37",0,"Terra Nova","N","N","TNR27",0
"632","TNR28",9136.66,4081.07,5,0,406.57,406.57,"2230.5500000000002",0,"Terra Nova","N","N","TNR28",0
"633","TNR29",9399.12,3893.43,5,0,129.08,129.08,"2045.18",0,"Terra Nova","N","N","TNR29",0
"634","TNR30",9650.65,3694.99,5,0,172.54,172.54,"1939.3",0,"Terra Nova","N","N","TNR30",0
"635","TNR31",10071.21,3344.48,5,0,556.89,422.54,"1452.48",0,"Terra Nova","N","N","TNR31",0
"636","TNR32",10402.61,3031.55,5,0,196.29,196.29,"1417.04",0,"Terra Nova","N","N","TNR32",0
"637","TNR33",10996.99,2809.05,4,0,496.33,369.2,"1997.25",0,"Terra Nova","N","N","TNR33",0
"638","TNR34",11615.31,2438.84,3,0,534.58,534.58,"1756.13",0,"Terra Nova","N","N","TNR34",0
"639","TNR35",11908.33,2938.23,4,0,562.57,562.57,"2605.09",46.5,"Terra Nova","N","N","TNR35",0
"640","TNR36",12737.33,3068.77,2,0,1050.64,413.94,"1842.96",67.17,"Terra Nova","N","N","TNR36",0
"641","TNR37",13483.21,3187.99,3,0,621.43,552.59,"2258.81",0,"Terra Nova","N","N","TNR37",0
"642","TNR38",13792.64,3208.53,3,0,847.73,803.58,"2709.58",0,"Terra Nova","N","N","TNR38",0
"643","TNR39",13246.98,2712.4,1,0,316.21,316.21,"1916.05",0,"Terra Nova","N","N","TNR39",0
"644","TNR40",13716.1,2931.2,1,0,927.34,927.34,"1637.46",0,"Terra Nova","N","N","TNR40",0
"645","TNR41",13795.97,2549.11,4,0,750.72,750.72,"1704.05",0,"Terra Nova","N","N","TNR41",0
"646","TNR42",13665.24,2648.5,3,0,604.96,604.96,"1418.05",0,"Terra Nova","N","N","TNR42",0
"647","TNR43",13850.47,2788.65,4,0,593.77,593.77,"1510.96",0,"Terra Nova","N","N","TNR43",0
"648","TNR44",13678.38,2618.1,4,0,452.18,452.18,"1311.99",0,"Terra Nova","N","N","TNR44",0
"649","TNR45",13473.53,2416.79,2,0,332.25,305.69,"1499.12",0,"Terra Nova","N","N","TNR45",0
"650","TNR46",13470.39,2386.14,2,0,185.55,185.55,"2100.4899999999998",0,"Terra Nova","N","N","TNR46",0
"651","TNR47",13563.7,2463.54,2,0,214.72,214.72,"1625.28",0,"Terra Nova","N","N","TNR47",0
"652","TNR48",13449.75,2339.97,3,0,195.61,195.61,"1277.56",0,"Terra Nova","N","N","TNR48",0
"653","TNR49",13571.92,2461.92,3,0,395.7,395.7,"1297.1400000000001",0,"Terra Nova","N","N","TNR49",0
"654","TNR50",13761.83,2656.87,3,0,609.77,609.77,"1829.26",0,"Terra Nova","N","N","TNR50",0
"655","TNR51",13989.33,2897.75,4,0,892.5,892.5,"1810.47",0,"Terra Nova","N","N","TNR51",0
"656","TNR52",13894.93,2820.62,3,0,928.29,928.29,"1311.59",0,"Terra Nova","N","N","TNR52",0
"657","TNR53",13799,2736.54,3,0,931.25,931.25,"1411",0,"Terra Nova","N","N","TNR53",0
"658","TNR54",13716.99,2685.53,3,0,1031.13,1031.13,"775.82799999999997",0,"Terra Nova","N","N","TNR54",0
"659","TNR55",13956.76,2918.38,3,0,1139.14,1139.14,"1285.76",0,"Terra Nova","N","N","TNR55",0
"660","TNR56",14061.72,3028.95,3,0,1232.04,1232.04,"2093.59",0,"Terra Nova","N","N","TNR56",0
"661","TNR57",14026.06,3030.44,3,0,1345.52,1345.52,"1584.64",0,"Terra Nova","N","N","TNR57",0
"662","TNR58",14130.2,3177.85,3,0,1553.35,1553.35,"1623.47",0,"Terra Nova","N","N","TNR58",0
"663","TNR59",14320.26,3383.75,3,0,1731.23,1731.23,"1829.18",23.37,"Terra Nova","N","N","TNR59",0
"664","TNR60",14366.99,3467.51,3,0,1866.94,1866.94,"0",175.54,"Terra Nova","N","N","TNR60",0
"665","TNR61",14135.44,3232.11,3,0,1698.25,1698.25,"0",115.04,"Terra Nova","N","N","TNR61",0
"666","TNR62",13930.18,3025.44,3,0,1569.15,1569.15,"1435.44",0,"Terra Nova","N","N","TNR62",0
"667","TNR63",13742.92,2830.58,3,0,1448.61,1448.61,"1247.1500000000001",0,"Terra Nova","N","N","TNR63",0
"668","TNR64",13573.52,2655.42,3,0,1358.48,1353.36,"1403.42",0,"Terra Nova","N","N","TNR64",0
"669","TNR65",13348.39,2425.59,3,0,1275.47,1181.72,"1121.31",0,"Terra Nova","N","N","TNR65",0
"670","TNR66",13071.54,2140.62,4,0,1220.03,997.56,"1232.3900000000001",0,"Terra Nova","N","N","TNR66",0
"671","TNR67",12911.36,2055.79,3,0,1402.4,1090.17,"1573.85",0,"Terra Nova","N","N","TNR67",0
"672","TNR68",12686.97,1847.42,3,0,1485.08,975.98,"1009.37",0,"Terra Nova","N","N","TNR68",0
"673","TNR69",12560.17,1608.68,3,0,1238.68,671.89,"1509.2",0,"Terra Nova","N","N","TNR69",0
"674","TNR70",12360.17,1358.74,3,0,987.03,480.78,"1333.9",0,"Terra Nova","N","N","TNR70",0
"675","TNR71",12092.62,1090.56,3,0,720.51,516.77,"1447.47",0,"Terra Nova","N","N","TNR71",0
"676","TNR72",11847.04,865.22,3,0,504.52,328.07,"1392.15",0,"Terra Nova","N","N","TNR72",0
"677","TNR73",11654.79,670.86,3,0,325.23,206.58,"1996.35",0,"Terra Nova","N","N","TNR73",0
"678","TNR74",11507.07,508.95,3,0,191.27,191.27,"886.721",0,"Terra Nova","N","N","TNR74",0
"679","TNR75",11281.81,292.85,3,0,203,203,"1588.19",0,"Terra Nova","N","N","TNR75",0
"680","TNR76",11268.9,165.04,3,0,208.27,208.27,"1363.58",0,"Terra Nova","N","N","TNR76",0
"681","TNR77",11110.98,21.55,3,0,26.87,26.87,"1147.83",0,"Terra Nova","N","N","TNR77",0
"682","TNR78",10818.71,304.49,4,0,331.24,331.24,"1444.31",0,"Terra Nova","N","N","TNR78",0
"683","TNR79",10961.59,363.07,4,0,383.15,383.15,"2611.5700000000002",0,"Terra Nova","N","N","TNR79",0
"684","TNR80",11314.45,462.65,4,0,316.89,316.89,"1227.57",0,"Terra Nova","N","N","TNR80",0
"685","TNR81",11656.22,863.93,3,0,575.3,575.3,"1133.51",0,"Terra Nova","N","N","TNR81",0
"686","TNR82",11518,917.12,3,0,556.95,556.95,"853.20699999999999",0,"Terra Nova","N","N","TNR82",0
"687","TNR83",11214.38,849.64,3,0,376.99,338.2,"1512.08",0,"Terra Nova","N","N","TNR83",0
"688","TNR84",11120.08,1051.64,3,0,156.32,112.01,"1395.63",0,"Terra Nova","N","N","TNR84",0
"689","TNR85",11275.93,1154.59,3,0,155.96,155.96,"1858.08",0,"Terra Nova","N","N","TNR85",0
"690","TNR86",11445.31,1284.4,3,0,313.79,313.79,"0",128.53,"Terra Nova","N","N","TNR86",0
"691","TNR87",11334.24,1329,3,0,201.97,201.97,"1807.07",0,"Terra Nova","N","N","TNR87",0
"692","TNR88",11255.37,967.34,3,0,377.65,377.65,"1228.1500000000001",0,"Terra Nova","N","N","TNR88",0
"693","TNR89",11511.68,1114.53,2,0,657.89,657.89,"0",106.4,"Terra Nova","N","N","TNR89",0
"694","TNR90",11387.37,1015.37,3,0,556.04,556.04,"2248.1",0,"Terra Nova","N","N","TNR90",0
"695","TNR91",11216.79,814.32,3,0,608.57,508.36,"1508.8",0,"Terra Nova","N","N","TNR91",0
"696","TNR92",11075.29,681.07,3,0,614.07,381.63,"1270.79",0,"Terra Nova","N","N","TNR92",0
"697","TNR93",10953.38,604.6,3,0,584.01,248.91,"518.90099999999995",0,"Terra Nova","N","N","TNR93",0
"698","TNR94",10896.7,556.85,3,0,607.39,203.85,"571.70500000000004",0,"Terra Nova","N","N","TNR94",0
"699","TNR95",10796.31,440.61,3,0,519.68,190.19,"1054.5899999999999",0,"Terra Nova","N","N","TNR95",0
"700","TNR96",10688.47,362.19,3,0,422.21,166.52,"697.16200000000003",0,"Terra Nova","N","N","TNR96",0
"701","TNR97",10624.55,323.15,3,0,366.76,184.43,"888.40700000000004",0,"Terra Nova","N","N","TNR97",0
"702","TNR98",10511.29,299.96,4,0,295.1,217.86,"1345.87",0,"Terra Nova","N","N","TNR98",0
"703","TNR99",10450.9,332.81,4,0,294.43,287.89,"1201.9100000000001",0,"Terra Nova","N","N","TNR99",0
"704","TNR100",10342.37,389.86,4,0,305.47,202.62,"1484.65",0,"Terra Nova","N","N","TNR100",0
"705","TNR101",10297.33,463.24,4,0,284.62,202.81,"1650.4",0,"Terra Nova","N","N","TNR101",0
"706","TNR102",10259.88,609.1,5,0,150.69,150.69,"1414.47",0,"Terra Nova","N","N","TNR102",0
"707","TNR103",10214.36,691.34,5,0,72.44,72.44,"1179.7",0,"Terra Nova","N","N","TNR103",0
"708","TNR104",9983.35,783.68,4,0,20.11,20.11,"958.34100000000001",0,"Terra Nova","N","N","TNR104",0
"709","TNR105",9953.8,712.43,4,0,130.71,130.71,"1111.8399999999999",0,"Terra Nova","N","N","TNR105",0
"710","TNR106",10152.86,472.8,3,0,303.24,303.24,"1451.85",0,"Terra Nova","N","N","TNR106",0
"711","TNR107",10391.22,235.82,3,0,170.46,170.46,"2448.92",0,"Terra Nova","N","N","TNR107",0
"712","TNR108",10267.8,274.61,4,0,139.01,139.01,"1225.46",0,"Terra Nova","N","N","TNR108",0
"713","TNR109",10274.86,222.63,2,0,72.36,72.36,"1369.26",0,"Terra Nova","N","N","TNR109",0
"714","TNR110",10410.18,70.34,4,0,81.96,81.96,"1528.94",0,"Terra Nova","N","N","TNR110",0
"715","TNR111",10582.67,123.7,2,0,250.27,250.27,"1819.59",0,"Terra Nova","N","N","TNR111",0
"716","TNR112",10118.04,236.1,2,0,367.32,367.32,"1799.77",0,"Terra Nova","N","N","TNR112",0
"717","TNR113",10237.44,409.25,2,0,545.7,545.7,"1878.42",0,"Terra Nova","N","N","TNR113",0
"718","TNR114",10332.54,526.1,2,0,661.33,518.42,"2036.97",0,"Terra Nova","N","N","TNR114",0
"719","TNR115",10453.31,708.48,2,0,957.91,544.37,"1688.37",0,"Terra Nova","N","N","TNR115",0
"720","TNR116",10564.85,822.93,2,0,962.58,564.83,"1948.24",0,"Terra Nova","N","N","TNR116",0
"721","TNR117",10659.15,950.63,2,0,884.06,551.34,"1582.79",0,"Terra Nova","N","N","TNR117",0
"722","TNR118",10815.09,1213.77,2,0,608.97,312.9,"2207.1999999999998",0,"Terra Nova","N","N","TNR118",0
"723","TNR119",10912.07,1341.61,4,0,488.07,233.33,"1967.76",0,"Terra Nova","N","N","TNR119",0
"724","TNR120",10995.78,1308.52,4,0,620.85,439.9,"1729.03",0,"Terra Nova","N","N","TNR120",0
"725","TNR121",11097.01,1362.47,3,0,673.78,522.65,"2139.98",413.83,"Terra Nova","N","N","TNR121",0
"726","TNR122",11332.8,1742.15,3,0,376.84,376.84,"0",119.35,"Terra Nova","N","N","TNR122",0
"727","TNR123",11425.6,1924.61,3,0,309.89,309.89,"2410.3000000000002",0,"Terra Nova","N","N","TNR123",0
"728","TNR124",11299.97,1837.08,3,0,191.69,191.69,"1555.3",0,"Terra Nova","N","N","TNR124",0
"729","TNR125",11144.55,1882.85,2,0,121.93,103.01,"1290.1400000000001",0,"Terra Nova","N","N","TNR125",0
"730","TNR126",11344.03,2098.82,4,0,298.02,206.56,"1396.99",159.1,"Terra Nova","N","N","TNR126",0
"731","TNR127",11529.28,2258.79,2,0,459.39,337.01,"1353.17",154.5,"Terra Nova","N","N","TNR127",0
"732","TNR128",11732.53,2493.86,2,0,696.82,456.05,"1365.51",0,"Terra Nova","N","N","TNR128",0
"733","TNR129",11894.53,2710.99,4,0,646.26,602.25,"1033.81",0,"Terra Nova","N","N","TNR129",0
"734","TNR130",12386.72,3142.76,3,0,154,154,"1146.8599999999999",0,"Terra Nova","N","N","TNR130",0
"735","TNR131",13053.05,3823.61,3,0,546.31,222.89,"1460.11",0,"Terra Nova","N","N","TNR131",0
"736","TNR132",13609.28,4328.29,5,0,1094.76,716.4,"2452.0100000000002",0,"Terra Nova","N","N","TNR132",0
"737","TNR133",14157.34,4880.41,4,0,1657.64,676.1,"1186.8499999999999",0,"Terra Nova","N","N","TNR133",0
"738","TNR134",14665.02,5453.04,3,0,2211.36,507.6,"1181.56",0,"Terra Nova","N","N","TNR134",0
"739","TNR135",14962.63,5780.73,3,0,2533.97,625.92,"1854.2",0,"Terra Nova","N","N","TNR135",0
"740","TNR136",15479.81,6372.47,3,0,3112.65,1059.78,"1692.4",0,"Terra Nova","N","N","TNR136",0
"741","TNR137",16405.89,7400.83,3,0,4133.02,2027.72,"1549.3",0,"Terra Nova","N","N","TNR137",0
"742","TNR138",16650.47,7768.49,3,0,4484.47,2356.84,"0",112.93,"Terra Nova","N","N","TNR138",0
"743","TNR139",15948.38,7073.91,3,0,3784.74,1652.93,"1120.99",0,"Terra Nova","N","N","TNR139",0
"744","TNR140",15400.17,6742.24,2,0,3458.15,1382.96,"0",155.14,"Terra Nova","N","N","TNR140",0
"745","TNR141",14661.21,5873.24,2,0,2587.23,560.67,"1554.56",0,"Terra Nova","N","N","TNR141",0
"746","TNR142",13912.66,5123.34,2,0,1386.86,190.71,"1403.91",0,"Terra Nova","N","N","TNR142",0
"747","TNR143",13523.15,4645.16,2,0,1097.55,390.26,"0",292.06,"Terra Nova","N","N","TNR143",0
"748","TNR144",12842.82,4033.94,3,0,646,534.92,"1242.2",0,"Terra Nova","N","N","TNR144",0
"749","TNR145",13132.95,4723.53,2,0,608.56,608.56,"1207.83",0,"Terra Nova","N","N","TNR145",0
"750","TNR146",12631.96,4259.04,3,0,90.54,90.54,"1619.93",0,"Terra Nova","N","N","TNR146",0
"751","TNR147",12169.76,4036.21,4,0,415.93,264.93,"2256.15",0,"Terra Nova","N","N","TNR147",0
"752","TNR148",11961.31,3823.27,5,0,589.82,248.17,"1825.16",0,"Terra Nova","N","N","TNR148",0
"753","TNR149",11331.76,3484.6,4,0,669.79,669.79,"1503.49",0,"Terra Nova","N","N","TNR149",0
"754","TNR150",10784.33,2973.04,4,0,53.53,53.53,"1230.1600000000001",0,"Terra Nova","N","N","TNR150",0
"755","TNR151",10870.14,3198.42,3,0,256.9,256.9,"2366.1799999999998",0,"Terra Nova","N","N","TNR151",0
"756","TNR152",10728.69,3329.54,4,0,433.99,433.99,"1505.99",0,"Terra Nova","N","N","TNR152",0
"757","TNR153",10327.67,3261.29,4,0,387.07,387.07,"1408.36",0,"Terra Nova","N","N","TNR153",0
"758","TNR154",10159.14,2974.73,2,0,656.22,563.97,"1967.37",0,"Terra Nova","N","N","TNR154",0
"759","TNR155",10046.14,3049.12,3,0,829.26,755.39,"715.26800000000003",0,"Terra Nova","N","N","TNR155",0
"760","TNR156",9792.38,2909.36,3,0,969.75,450.65,"1349.57",0,"Terra Nova","N","N","TNR156",0
"761","TNR157",9700.23,2064.84,4,0,1109.31,599.2,"2577.77",0,"Terra Nova","N","N","TNR157",0
"762","TNR158",9614.99,3182.3,4,0,1238.66,723.7,"1881.28",0,"Terra Nova","N","N","TNR158",0
"763","TNR159",9639.8,3404.69,4,0,1334.91,944.14,"2570.66",0,"Terra Nova","N","N","TNR159",0
"764","TNR160",9440.29,3371.67,4,0,1488.35,944.61,"1580.76",0,"Terra Nova","N","N","TNR160",0
"765","TNR161",9074.88,3247.13,4,0,1757.25,971.72,"1515.57",0,"Terra Nova","N","N","TNR161",0
"766","TNR162",9002.58,3211.96,4,0,1810.81,983.56,"1658.76",0,"Terra Nova","N","N","TNR162",0
"767","TNR163",8749,3073.65,4,0,2109.66,1073.98,"1724.17",0,"Terra Nova","N","N","TNR163",0
"768","TNR164",8655.73,2986.88,4,0,1962.61,1103.61,"1416.58",0,"Terra Nova","N","N","TNR164",0
"769","TNR165",8561.04,2863.49,4,0,1778.18,1141.35,"604.01700000000005",0,"Terra Nova","N","N","TNR165",0
"770","TNR166",8531.01,3073.19,4,0,1938.57,1238.75,"2142.9899999999998",0,"Terra Nova","N","N","TNR166",0
"771","TNR167",8379.43,2426.66,4,0,1849.53,1308.72,"902.99900000000002",0,"Terra Nova","N","N","TNR167",0
"772","TNR168",8490.65,2659.93,3,0,2083.69,1512.52,"1568.09",0,"Terra Nova","N","N","TNR168",0
"773","TNR169",8223.53,2631.91,3,0,2086.83,1652.83,"1549.55",0,"Terra Nova","N","N","TNR169",0
"774","TNR170",8065.71,2327.4,2,0,1787.69,1427.9,"1558.21",0,"Terra Nova","N","N","TNR170",0
"775","TNR171",7908.4,2045.06,3,0,1515.87,1265.84,"1878.56",0,"Terra Nova","N","N","TNR171",0
"776","TNR172",7848.53,1870.3,2,0,1342.66,1265.81,"1417.48",0,"Terra Nova","N","N","TNR172",0
"777","TNR173",7612.36,1607.17,3,0,1124.62,1180.45,"1446.37",0,"Terra Nova","N","N","TNR173",0
"778","TNR174",7740.41,1164.31,3,0,615.32,615.32,"1714.39",0,"Terra Nova","N","N","TNR174",0
"779","TNR175",7706.42,912.51,3,0,351.78,351.78,"1987.57",0,"Terra Nova","N","N","TNR175",0
"780","TNR176",7153.61,218.33,3,0,200.85,200.85,"1985.03",0,"Terra Nova","N","N","TNR176",0
"781","TNR177",6916.31,732.99,3,0,375.66,375.66,"1236.3499999999999",0,"Terra Nova","N","N","TNR177",0
"782","TNR178",7141.5,923.63,3,0,735.42,735.42,"2335.08",0,"Terra Nova","N","N","TNR178",0
"783","TNR179",7133.19,1442.74,3,0,1204.41,1055.36,"1464.09",0,"Terra Nova","N","N","TNR179",0
"784","TNR180",7199.84,1846.49,3,0,1369.96,1369.96,"2163.86",0,"Terra Nova","N","N","TNR180",0
"785","TNR181",7004.23,2288.83,3,0,1195.19,1195.19,"1379.11",0,"Terra Nova","N","N","TNR181",0
"786","TNR182",6603.19,1758.95,3,0,703.36,703.36,"1461.54",0,"Terra Nova","N","N","TNR182",0
"787","TNR183",5974.99,1378.74,3,0,281.94,281.94,"2688.66",0,"Terra Nova","N","N","TNR183",0
"788","TNR184",5563.04,1152.41,3,0,434.76,434.76,"943.70500000000004",0,"Terra Nova","N","N","TNR184",0
"789","TNR185",5310.62,581.9,3,0,671.65,671.65,"1205.94",0,"Terra Nova","N","N","TNR185",0
"790","TNR186",5685.39,633.36,4,0,526.57,457.7,"1222.4000000000001",0,"Terra Nova","N","N","TNR186",0
"791","TNR187",5262.23,93.87,3,0,317.04,317.04,"2028.28",0,"Terra Nova","N","N","TNR187",0
"792","TNR188",5140.61,103.59,3,0,374.73,374.73,"1297.74",0,"Terra Nova","N","N","TNR188",0
"793","TNR189",4750.36,471.49,3,0,572.25,572.25,"1605.12",0,"Terra Nova","N","N","TNR189",0
"794","TNR190",4654.88,610.74,3,0,371.55,371.55,"1495.4",0,"Terra Nova","N","N","TNR190",0
"795","TNR191",4258.7,756.85,5,0,345,345,"1553.89",0,"Terra Nova","N","N","TNR191",0
"796","TNR192",4258.7,805.96,4,0,149.93,149.93,"1946.44",0,"Terra Nova","N","N","TNR192",0
"797","TNR193",4017.38,569.93,3,0,379.72,379.72,"1257.6099999999999",0,"Terra Nova","N","N","TNR193",0
"798","TNR194",3632.08,282.48,3,0,781.32,781.32,"1420",0,"Terra Nova","N","N","TNR194",0
"799","TNR195",3198.24,284.45,4,0,466.97,466.97,"1912.99",0,"Terra Nova","N","N","TNR195",0
"800","TNR196",2884.68,591.87,3,0,188.44,188.44,"1984.01",0,"Terra Nova","N","N","TNR196",0
"801","TNR197",2628.19,969.09,3,0,440.42,440.42,"2160.2600000000002",0,"Terra Nova","N","N","TNR197",0
"802","TNR198",2485.48,1274.98,3,0,757.23,757.23,"1862.55",163.61,"Terra Nova","N","N","TNR198",0
"803","TNR199",2956.9,1727.81,4,0,1151.86,1151.86,"1543.59",0,"Terra Nova","N","N","TNR199",0
"804","TNR200",3296.64,1965.69,4,0,812.39,812.39,"1837.01",0,"Terra Nova","N","N","TNR200",0
"805","TNR201",3816.68,2094.06,3,0,292.13,292.13,"1474.96",0,"Terra Nova","N","N","TNR201",0
"806","TNR202",4074.08,2176.93,4,0,31.65,31.65,"1506.48",0,"Terra Nova","N","N","TNR202",0
"807","TNR203",4800.34,2599.88,4,0,699.12,699.12,"1594.18",0,"Terra Nova","N","N","TNR203",0
"808","TNR204",5214.15,2875.87,4,0,323.53,323.53,"1324.43",0,"Terra Nova","N","N","TNR204",0
"809","TNR205",5604.96,3242.45,4,0,79.76,79.76,"1713.66",0,"Terra Nova","N","N","TNR205",0
"810","TNR206",6014.09,3568.46,4,0,141.14,141.14,"2028.27",0,"Terra Nova","N","N","TNR206",0
"811","TNR207",6074.16,3597.29,4,0,187.46,187.46,"1988.92",0,"Terra Nova","N","N","TNR207",0
"812","TNR208",6318.08,3820.78,4,0,322.1,322.1,"1891.71",0,"Terra Nova","N","N","TNR208",0
"813","TNR209",6474.21,2882.88,4,0,545.4,545.4,"2779.64",0,"Terra Nova","N","N","TNR209",0
"814","TNR210",6538.63,4008.67,4,0,529.75,529.75,"1519.61",0,"Terra Nova","N","N","TNR210",0
"815","TNR211",6666.93,5579.74,4,0,475.73,475.73,"1495.77",0,"Terra Nova","N","N","TNR211",0
"816","TNR212",6795.04,5319.46,4,0,315.06,315.06,"1709.9",0,"Terra Nova","N","N","TNR212",0
"817","TNR213",6900.79,5161.13,4,0,184.31,184.31,"1522",51.78,"Terra Nova","N","N","TNR213",0
"818","TNR214",7070.58,5456.34,3,0,18.04,18.04,"1622.07",0,"Terra Nova","N","N","TNR214",0
"819","TNR215",7219,5018.74,3,0,152.95,152.95,"1657.24",0,"Terra Nova","N","N","TNR215",0
"820","TNR216",7434.32,4767.38,3,0,400.22,188.09,"1649.8",0,"Terra Nova","N","N","TNR216",0
"821","TNR217",7659.43,4503.82,4,0,144.68,144.68,"1593.28",0,"Terra Nova","N","N","TNR217",0
"822","TNR218",7841.31,4287.65,3,0,96.15,96.15,"1851.61",0,"Terra Nova","N","N","TNR218",0
"823","TNR219",8100.56,4054.93,3,0,83.46,83.46,"1837",0,"Terra Nova","N","N","TNR219",0
"824","TNR220",8415.29,3727.57,3,0,253.8,154.69,"1460.51",0,"Terra Nova","N","N","TNR220",0
"825","TNR221",8808.72,3398.43,3,0,418.1,348.09,"1791.48",0,"Terra Nova","N","N","TNR221",0
"826","TNR222",9074.72,2891.2,3,0,19.63,19.63,"1024.68",0,"Terra Nova","N","N","TNR222",0
"827","TNR223",9315.35,2617.94,3,0,270.27,270.27,"1479.02",0,"Terra Nova","N","N","TNR223",0
"828","TNR224",9734.72,2350.39,3,0,664.92,664.92,"1664.9",0,"Terra Nova","N","N","TNR224",0
"829","TNR225",10153.19,2012.96,2,0,1084.91,1084.91,"1911.27",0,"Terra Nova","N","N","TNR225",0
"830","TNR226",10282.47,1869.48,2,0,1219.52,1202.06,"1636.84",0,"Terra Nova","N","N","TNR226",0
"831","TNR227",10172.8,1756.74,3,0,1171.04,1171.04,"605.66899999999998",0,"Terra Nova","N","N","TNR227",0
"832","TNR228",10465.23,1521.65,3,0,1159.8,1159.8,"1945.18",0,"Terra Nova","N","N","TNR228",0
"833","TNR229",10679.8,1298.2,3,0,1183.72,1183.72,"2355.9",0,"Terra Nova","N","N","TNR229",0
"834","TNR230",11123.58,1177.27,3,0,1488.46,1488.46,"2175.7199999999998",3.83,"Terra Nova","N","N","TNR230",0
"835","TNR231",10580.5,1369.75,3,0,981.85,981.85,"1491.67",0,"Terra Nova","N","N","TNR231",0
"836","TNR232",10948.57,1012.54,4,0,1153.9,1153.9,"1753.55",0,"Terra Nova","N","N","TNR232",0
"837","TNR233",10831.55,932.52,4,0,900.65,900.65,"1595.28",0,"Terra Nova","N","N","TNR233",0
"838","TNR234",10476.81,1195.41,4,0,443.02,443.02,"1659.48",0,"Terra Nova","N","N","TNR234",0
"839","TNR235",10282.58,1416.75,4,0,248.65,248.65,"1512.95",0,"Terra Nova","N","N","TNR235",0
"840","TNR236",10370.85,1428.47,4,0,72.45,72.45,"1379.09",0,"Terra Nova","N","N","TNR236",0
